UIC12,Receiving SLOC,Issue Storage Loc,Force Element - SLOC,DODAAC,AR DOD Doc Num,PReq No.,PO Document Number,SCMC,PR NIIN,Date on which the AR,Column1,PR Funds Center,AR Funds Center,Fiscal Year,AR Functional area,Turn-In Date,Clearing Date,Total PR Count,Expected Credit,Open PR Count,Open Credit,Closed PR Count, Received Credit 
WH8DAAMNT,2001/WHQ1,2000/0BST,WH8DAAMNT,W90E2N,W90E2N00230005,1053348005,7123674435,9Z,15289282,2/4/20,,ARMY/A82BD,ARMY/A82BD,V9/2020,113003WHST,2/3/20,2/5/20,1,10405,0,,1,
WH8DAAMNT,2001/WHQ1,2000/0BST,WH8DAAMNT,W90E2N,W90E2N00230005,1053348005,7123674435,9Z,15289282,2/5/20,,ARMY/A82BD,ARMY/A82BD,V9/2020,113003WHST,2/3/20,2/5/20,1,-10405,0,,1,
WH8DAAMNT,2001/WHQ1,2000/0BST,WH8DAAMNT,W90E2N,W90E2N00230005,1053348005,7123674435,9Z,15289282,2/5/20,,ARMY/A82BD,ARMY/A82BD,V9/2020,113003WHST,2/3/20,2/11/20,1,10405,0,,1,
WH8DAAMNT,2001/WHQ1,2000/0BST,WH8DAAMNT,W90E2N,W90E2N81500005,1029103692,7115344192,9Z,15330140,6/7/18,CBMS BLOCK,ARMY/A82BD,ARMY/A82BD,V9/2018,113003WEAD,5/31/18,6/7/18,1,,0,,1,240499.00
WH8DAAMNT,2001/WHQ1,2000/0BST,WH8DAAMNT,W90E2N,W90E2N00280002,1053208486,7123290127,9Z,15289281,2/4/20,,ARMY/A82BD,ARMY/A82BD,V9/2020,113003WHST,2/3/20,2/5/20,1,12565,0,,1,
WH8DAAMNT,2001/WHQ1,2000/0BST,WH8DAAMNT,W90E2N,W90E2N00280002,1053208486,7123290127,9Z,15289281,2/5/20,,ARMY/A82BD,ARMY/A82BD,V9/2020,113003WHST,2/3/20,2/5/20,1,-12565,0,,1,
WH8DAAMNT,2001/WHQ1,2000/0BST,WH8DAAMNT,W90E2N,W90E2N00280002,1053208486,7123290127,9Z,15289281,2/5/20,,ARMY/A82BD,ARMY/A82BD,V9/2020,113003WHST,2/3/20,2/11/20,1,12565,0,,1,
WH8DAAMNT,2001/WHQ1,2000/0BST,WH8DAAMNT,W90E2N,W90E2N81500006,1029739579,7115760762,9Z,15330140,6/7/18,cbms block,ARMY/A82BD,ARMY/A82BD,V9/2018,113003WEAD,5/31/18,6/7/18,1,,0,,1,240499.00
WH8DAAMNT,2001/WHQ1,2000/0BST,WH8DAAMNT,W90E2N,W90E2N00280004,1053461607,7123713157,9M,15390509,2/4/20,,ARMY/A82BD,ARMY/A82BD,V9/2020,113003WHST,2/3/20,2/5/20,1,54245,0,,1,
WH8DAAMNT,2001/WHQ1,2000/0BST,WH8DAAMNT,W90E2N,W90E2N00280004,1053461607,7123713157,9M,15390509,2/5/20,,ARMY/A82BD,ARMY/A82BD,V9/2020,113003WHST,2/3/20,2/5/20,1,-54245,0,,1,
WH8DAAMNT,2001/WHQ1,2000/0BST,WH8DAAMNT,W90E2N,W90E2N00280004,1053461607,7123713157,9M,15390509,2/5/20,,ARMY/A82BD,ARMY/A82BD,V9/2020,113003WHST,2/3/20,2/11/20,1,54245,0,,1,
WH8DAAMNT,2001/WHQ1,2000/0BST,WH8DAAMNT,W90E2N,W90E2N82970007,1036126331,7117796819,9Z,15330140,12/4/18,cbms  block,ARMY/A82BD,ARMY/A82BC,V9/2019,113063WHST,10/26/18,12/4/18,1,,0,,1,228876.00
WH8DAAMNT,2001/WHQ1,2000/0BST,WH8DAAMNT,W90E2N,W90E2N00410002,1053865149,7123923223,9Z,15289281,2/14/20,,ARMY/A82BD,ARMY/A82BD,V9/2020,113003WHST,2/13/20,2/15/20,1,12565,0,,1,
WH8DAAMNT,2001/WHQ1,2000/0BST,WH8DAAMNT,W90E2N,W90E2N00410002,1053865149,7123923223,9Z,15289281,2/15/20,,ARMY/A82BD,ARMY/A82BD,V9/2020,113003WHST,2/13/20,2/15/20,1,-12565,0,,1,
WH8DAAMNT,2001/WHQ1,2000/0BST,WH8DAAMNT,W90E2N,W90E2N00410002,1053865149,7123923223,9Z,15289281,2/15/20,,ARMY/A82BD,ARMY/A82BD,V9/2020,113003WHST,2/13/20,2/21/20,1,12565,0,,1,
WH8DAAMNT,2001/WHQ1,2000/0BST,WH8DAAMNT,W90E2N,W90E2N83520005,1038053525,7118201946,9Z,15330140,12/22/18,cbms blocK,ARMY/A82BD,ARMY/A82BD,V9/2019,113003WHST,12/19/18,12/22/18,1,,0,,1,228876.00
WH8DAAMNT,2001/WHQ1,2000/0BST,WH8DAAMNT,W90E2N,W90E2N00410003,1054070370,7123909937,9Z,15289281,2/14/20,,ARMY/A82BD,ARMY/A82BD,V9/2020,113003WHST,2/13/20,2/15/20,1,12565,0,,1,
WH8DAAMNT,2001/WHQ1,2000/0BST,WH8DAAMNT,W90E2N,W90E2N00410003,1054070370,7123909937,9Z,15289281,2/15/20,,ARMY/A82BD,ARMY/A82BD,V9/2020,113003WHST,2/13/20,2/15/20,1,-12565,0,,1,
WH8DAAMNT,2001/WHQ1,2000/0BST,WH8DAAMNT,W90E2N,W90E2N00410003,1054070370,7123909937,9Z,15289281,2/15/20,,ARMY/A82BD,ARMY/A82BD,V9/2020,113003WHST,2/13/20,2/21/20,1,12565,0,,1,
WH8DAAMNT,2001/WHQ1,2000/0BST,WH8DAAMNT,W90E2N,W90E2N90150001,1038854822,7118723767,9Z,15330140,2/6/19,cbms block,ARMY/A82BD,ARMY/A82BD,V9/2019,113019WHST,1/16/19,2/6/19,1,228876,0,,1,228876.00
WH8DAAMNT,2001/WHQ1,2000/0BST,WH8DAAMNT,W90E2N,W90E2N00420003,1054496133,7123897265,9Z,15289282,2/14/20,,ARMY/A82BD,ARMY/A82BD,V9/2020,113003WHST,2/13/20,2/15/20,1,10405,0,,1,
WH8DAAMNT,2001/WHQ1,2000/0BST,WH8DAAMNT,W90E2N,W90E2N00420003,1054496133,7123897265,9Z,15289282,2/15/20,,ARMY/A82BD,ARMY/A82BD,V9/2020,113003WHST,2/13/20,2/15/20,1,-10405,0,,1,
WH8DAAMNT,2001/WHQ1,2000/0BST,WH8DAAMNT,W90E2N,W90E2N00420003,1054496133,7123897265,9Z,15289282,2/15/20,,ARMY/A82BD,ARMY/A82BD,V9/2020,113003WHST,2/13/20,2/21/20,1,10405,0,,1,
WH8DAAMNT,2001/WHQ1,2000/0BST,WH8DAAMNT,W90E2N,W90E2N91630006,1045399938,7120548805,9O,200066193,6/25/19,engine,ARMY/A82BD,ARMY/A82BD,V9/2019,113003WHST,6/18/19,6/25/19,1,,0,,1,121755.00
WH8DAAMNT,2001/WHQ1,2000/0BST,WH8DAAMNT,W90E2N,W90E2N62290003,1009256969,7107990757,9K,14890850,10/6/16,,ARMY/A82BD,ARMY/A82BD,V9/2017,113003WEAD,9/16/16,10/6/16,1,-1210,0,,1,
WH8DAAMNT,2001/WHQ1,2000/0BST,WH8DAAMNT,W90E2N,W90E2N62290003,1009256969,7107990757,9K,14890850,10/6/16,,ARMY/A82BD,ARMY/A82BD,V9/2017,113003WEAD,9/16/16,10/24/16,1,1210,0,,1,
WH8DAAMNT,2001/WHQ1,2000/0BST,WH8DAAMNT,W90E2N,W90E2N62290003,1009256969,7107990757,9K,14890850,10/24/16,,ARMY/A82BD,ARMY/A82BD,V9/2017,113003WEAD,9/16/16,10/24/16,1,-1210,0,,1,
WH8DAAMNT,2001/WHQ1,2000/0BST,WH8DAAMNT,W90E2N,W90E2N00280004,1053461607,7123713157,9M,15390509,2/11/20,thermal imaging system tis,ARMY/A82BD,ARMY/A82BD,V9/2020,113003WHST,2/3/20,2/11/20,1,,0,,1,54245.00
WH8DAAMNT,2001/WHQ1,2000/0BST,WH8DAAMNT,W90E2N,W90E2N62570001,1009607875,7108425869,9K,200003667,10/6/16,,ARMY/A82BD,ARMY/A82BD,V9/2017,113003WEAD,9/16/16,10/6/16,1,-2073,0,,1,
WH8DAAMNT,2001/WHQ1,2000/0BST,WH8DAAMNT,W90E2N,W90E2N62570001,1009607875,7108425869,9K,200003667,10/6/16,,ARMY/A82BD,ARMY/A82BD,V9/2017,113003WEAD,9/16/16,10/24/16,1,2073,0,,1,
WH8DAAMNT,2001/WHQ1,2000/0BST,WH8DAAMNT,W90E2N,W90E2N62570001,1009607875,7108425869,9K,200003667,10/24/16,,ARMY/A82BD,ARMY/A82BD,V9/2017,113003WEAD,9/16/16,10/24/16,1,-2073,0,,1,
WH8DAAMNT,2001/WHQ1,2000/0BST,WH8DAAMNT,W90E2N,W90E2N81090003,1028395745,7115212500,9Z,15540754,4/26/18,BAWS,ARMY/A82BD,ARMY/A82BD,V9/2018,113003WEAD,4/20/18,4/26/18,1,,0,,1,43572.00
WH8DAAMNT,2001/WHQ1,2000/0BST,WH8DAAMNT,W90E2N,W90E2N62570002,1009697292,7108344663,9K,200003667,10/6/16,,ARMY/A82BD,ARMY/A82BD,V9/2017,113003WEAD,9/16/16,10/6/16,1,-2073,0,,1,
WH8DAAMNT,2001/WHQ1,2000/0BST,WH8DAAMNT,W90E2N,W90E2N62570002,1009697292,7108344663,9K,200003667,10/6/16,,ARMY/A82BD,ARMY/A82BD,V9/2017,113003WEAD,9/16/16,10/24/16,1,2073,0,,1,
WH8DAAMNT,2001/WHQ1,2000/0BST,WH8DAAMNT,W90E2N,W90E2N62570002,1009697292,7108344663,9K,200003667,10/24/16,,ARMY/A82BD,ARMY/A82BD,V9/2017,113003WEAD,9/16/16,10/24/16,1,-2073,0,,1,
WH8DAAMNT,2001/WHQ1,2000/0BST,WH8DAAMNT,W90E2N,W90E2N81100002,1028670693,7115202374,9Z,15540754,4/26/18,baws,ARMY/A82BD,ARMY/A82BD,V9/2018,113003WEAD,4/20/18,4/26/18,1,,0,,1,43572.00
WH8DAAMNT,2001/WHQ1,2000/0BST,WH8DAAMNT,W90E2N,W90E2N82410003,1033627574,7116907880,9Z,15540754,9/8/18,baws,ARMY/A82BD,ARMY/A82BD,V9/2018,113003WEAD,8/31/18,9/8/18,1,,0,,1,43572.00
WH8DAAMNT,2001/WHQ1,2000/0BST,WH8DAAMNT,W90E2N,W90E2N62580001,1009604633,7108450956,9G,13823222,10/6/16,,ARMY/A82BD,ARMY/A82BD,V9/2017,113003WEAD,9/15/16,10/6/16,1,-151,0,,1,
WH8DAAMNT,2001/WHQ1,2000/0BST,WH8DAAMNT,W90E2N,W90E2N62580001,1009604633,7108450956,9G,13823222,10/6/16,,ARMY/A82BD,ARMY/A82BD,V9/2017,113003WEAD,9/15/16,10/24/16,1,151,0,,1,
WH8DAAMNT,2001/WHQ1,2000/0BST,WH8DAAMNT,W90E2N,W90E2N62580001,1009604633,7108450956,9G,13823222,10/24/16,,ARMY/A82BD,ARMY/A82BD,V9/2017,113003WEAD,9/15/16,10/24/16,1,-151,0,,1,
WH8DAAMNT,2001/WHQ1,2000/0BST,WH8DAAMNT,W90E2N,W90E2N82550001,1033973818,7116532716,9Z,15540754,10/12/18,baws,ARMY/A82BD,ARMY/A82BD,V9/2019,113003WEAD,9/22/18,10/12/18,1,,0,,1,43572.00
WH8DAAMNT,2001/WHQ1,2000/0BST,WH8DAAMNT,W90E2N,W90E2N62590008,1009633904,7108443907,9G,13823222,10/6/16,,ARMY/A82BD,ARMY/A82BD,V9/2017,113003WEAD,9/15/16,10/6/16,1,-151,0,,1,
WH8DAAMNT,2001/WHQ1,2000/0BST,WH8DAAMNT,W90E2N,W90E2N62590008,1009633904,7108443907,9G,13823222,10/6/16,,ARMY/A82BD,ARMY/A82BD,V9/2017,113003WEAD,9/15/16,10/24/16,1,151,0,,1,
WH8DAAMNT,2001/WHQ1,2000/0BST,WH8DAAMNT,W90E2N,W90E2N62590008,1009633904,7108443907,9G,13823222,10/24/16,,ARMY/A82BD,ARMY/A82BD,V9/2017,113003WEAD,9/15/16,10/24/16,1,-151,0,,1,
WH8DAAMNT,2001/WHQ1,2000/0BST,WH8DAAMNT,W90E2N,W90E2N90150002,1038524674,7118718823,9Z,15540754,1/24/19,baws,ARMY/A82BD,ARMY/A82BD,V9/2019,113003WHST,1/16/19,1/24/19,1,,0,,1,39669.00
WH8DAAMNT,2001/WHQ1,2000/0BST,WH8DAAMNT,W90E2N,W90E2N62590024,1009855098,7108514041,9O,15629671,10/6/16,,ARMY/A82BD,ARMY/A82BD,V9/2017,113003WEAD,9/15/16,10/6/16,1,-32232,0,,1,
WH8DAAMNT,2001/WHQ1,2000/0BST,WH8DAAMNT,W90E2N,W90E2N62590024,1009855098,7108514041,9O,15629671,10/6/16,,ARMY/A82BD,ARMY/A82BD,V9/2017,113003WEAD,9/15/16,10/24/16,1,32232,0,,1,
WH8DAAMNT,2001/WHQ1,2000/0BST,WH8DAAMNT,W90E2N,W90E2N62590024,1009855098,7108514041,9O,15629671,10/24/16,,ARMY/A82BD,ARMY/A82BD,V9/2017,113003WEAD,9/15/16,10/24/16,1,-32232,0,,1,
WH8DAAMNT,2001/WHQ1,2000/0BST,WH8DAAMNT,W90E2N,W90E2N62590024,1009855098,7108514041,9O,15629671,1/12/17,display unit,ARMY/A82BD,ARMY/A82BD,V9/2017,113003WEAD,9/15/16,1/12/17,1,32232,0,,1,32232.00
WH8DAAMNT,2001/WHQ1,2000/0BST,WH8DAAMNT,W90E2N,W90E2N63100002,1011310772,7109189095,9M,14973105,12/1/16,,ARMY/A82BD,ARMY/A82BD,V9/2017,113019WMPB,11/30/16,12/2/16,1,940,0,,1,
WH8DAAMNT,2001/WHQ1,2000/0BST,WH8DAAMNT,W90E2N,W90E2N63100002,1011310772,7109189095,9M,14973105,12/2/16,,ARMY/A82BD,ARMY/A82BD,V9/2017,113019WMPB,11/30/16,12/2/16,1,-940,0,,1,
WH8DAAMNT,2001/WHQ1,2000/0BST,WH8DAAMNT,W90E2N,W90E2N63100002,1011310772,7109189095,9M,14973105,12/2/16,,ARMY/A82BD,ARMY/A82BD,V9/2017,113019WMPB,11/30/16,12/8/16,1,940,0,,1,
WH8DAAMNT,2001/WHQ1,2000/0BST,WH8DAAMNT,W90E2N,W90E2N92960002,1050261795,7122523490,9O,16007361,11/8/19,display unit,ARMY/A82BD,ARMY/A82BD,V9/2020,113003WHST,10/29/19,11/8/19,1,,0,,1,31587.00
WH8DAAMNT,2001/WHQ1,2000/0BST,WH8DAAMNT,W90E2N,W90E2N70590004,1013956586,7110118925,9K,200003667,3/9/17,,ARMY/A82BD,ARMY/A82BD,V9/2017,113019WMPB,3/8/17,3/10/17,1,949,0,,1,
WH8DAAMNT,2001/WHQ1,2000/0BST,WH8DAAMNT,W90E2N,W90E2N70590004,1013956586,7110118925,9K,200003667,3/10/17,,ARMY/A82BD,ARMY/A82BD,V9/2017,113019WMPB,3/8/17,3/10/17,1,-949,0,,1,
WH8DAAMNT,2001/WHQ1,2000/0BST,WH8DAAMNT,W90E2N,W90E2N70590004,1013956586,7110118925,9K,200003667,3/10/17,,ARMY/A82BD,ARMY/A82BD,V9/2017,113019WMPB,3/8/17,3/14/17,1,949,0,,1,
WH8DAAMNT,2001/WHQ1,2000/0BST,WH8DAAMNT,W90E2N,W90E2N93510002,1051786843,7123159302,9O,16007361,1/14/20,display unit,ARMY/A82BD,ARMY/A82BD,V9/2020,113003WHST,1/3/20,1/14/20,1,,0,,1,31587.00
WH8DAAMNT,2001/WHQ1,2000/0BST,WH8DAAMNT,W90E2N,W90E2N70660002,1011675096,7110400278,9M,15390509,4/3/17,,ARMY/A82BD,ARMY/A82BD,V9/2017,113003WEAD,3/31/17,4/5/17,1,23397,0,,1,
WH8DAAMNT,2001/WHQ1,2000/0BST,WH8DAAMNT,W90E2N,W90E2N70660002,1011675096,7110400278,9M,15390509,4/5/17,,ARMY/A82BD,ARMY/A82BD,V9/2017,113003WEAD,3/31/17,4/5/17,1,-23397,0,,1,
WH8DAAMNT,2001/WHQ1,2000/0BST,WH8DAAMNT,W90E2N,W90E2N70660002,1011675096,7110400278,9M,15390509,4/5/17,,ARMY/A82BD,ARMY/A82BD,V9/2017,113003WEAD,3/31/17,4/8/17,1,23397,0,,1,
WH8DAAMNT,2001/WHQ1,2000/0BST,WH8DAAMNT,W90E2N,W90E2N91890002,1045628231,7121005865,9O,123713741,7/23/19,housing monitor chemical agent,ARMY/A82BD,ARMY/A82BD,V9/2019,113003WHST,7/16/19,7/23/19,1,,0,,1,27055.00
WH8DAAMNT,2001/WHQ1,2000/0BST,WH8DAAMNT,W90E2N,W90E2N71710001,1016053922,7111364388,9D,123781200,6/26/17,,ARMY/A82BD,ARMY/A82BD,V9/2017,113003WEAD,6/23/17,6/28/17,1,9973,0,,1,
WH8DAAMNT,2001/WHQ1,2000/0BST,WH8DAAMNT,W90E2N,W90E2N71710001,1016053922,7111364388,9D,123781200,6/28/17,,ARMY/A82BD,ARMY/A82BD,V9/2017,113003WEAD,6/23/17,6/28/17,1,-9973,0,,1,
WH8DAAMNT,2001/WHQ1,2000/0BST,WH8DAAMNT,W90E2N,W90E2N71710001,1016053922,7111364388,9D,123781200,6/28/17,,ARMY/A82BD,ARMY/A82BD,V9/2017,113003WEAD,6/23/17,7/8/17,1,9973,0,,1,
WH8DAAMNT,2001/WHQ1,2000/0BST,WH8DAAMNT,W90E2N,W90E2N70660002,1011675096,7110400278,9M,15390509,4/8/17,thermal imaging system tis,ARMY/A82BD,ARMY/A82BD,V9/2017,113003WEAD,3/31/17,4/8/17,1,,0,,1,23397.00
WH8DAAMNT,2001/WHQ1,2000/0BST,WH8DAAMNT,W90E2N,W90E2N71740001,1010988123,7111784395,9K,200003667,6/26/17,,ARMY/A82BD,ARMY/A82BD,V9/2017,113003WEAD,6/23/17,6/28/17,1,2847,0,,1,
WH8DAAMNT,2001/WHQ1,2000/0BST,WH8DAAMNT,W90E2N,W90E2N71740001,1010988123,7111784395,9K,200003667,6/28/17,,ARMY/A82BD,ARMY/A82BD,V9/2017,113003WEAD,6/23/17,6/28/17,1,-2847,0,,1,
WH8DAAMNT,2001/WHQ1,2000/0BST,WH8DAAMNT,W90E2N,W90E2N71740001,1010988123,7111784395,9K,200003667,6/28/17,,ARMY/A82BD,ARMY/A82BD,V9/2017,113003WEAD,6/23/17,7/8/17,1,2847,0,,1,
WH8DAAMNT,2001/WHQ1,2000/0BST,WH8DAAMNT,W90E2N,W90E2N83520003,1038346386,7118201945,9O,200013985,12/22/18,transmission,ARMY/A82BD,ARMY/A82BD,V9/2019,113003WHST,12/19/18,12/22/18,1,,0,,1,20447.00
WH8DAAMNT,2001/WHQ1,2000/0BST,WH8DAAMNT,W90E2N,W90E2N71740002,1011056492,7111784396,9K,200003667,6/26/17,,ARMY/A82BD,ARMY/A82BD,V9/2017,113003WEAD,6/23/17,6/28/17,1,949,0,,1,
WH8DAAMNT,2001/WHQ1,2000/0BST,WH8DAAMNT,W90E2N,W90E2N71740002,1011056492,7111784396,9K,200003667,6/28/17,,ARMY/A82BD,ARMY/A82BD,V9/2017,113003WEAD,6/23/17,6/28/17,1,-949,0,,1,
WH8DAAMNT,2001/WHQ1,2000/0BST,WH8DAAMNT,W90E2N,W90E2N71740002,1011056492,7111784396,9K,200003667,6/28/17,,ARMY/A82BD,ARMY/A82BD,V9/2017,113003WEAD,6/23/17,7/8/17,1,949,0,,1,
WH8DAAMNT,2001/WHQ1,2000/0BST,WH8DAAMNT,W90E2N,W90E2N90160001,1038477958,7118381981,9M,15826735,1/24/19,elevation range finder,ARMY/A82BD,ARMY/A82BD,V9/2019,113003WHST,1/17/19,1/24/19,1,,0,,1,17680.00
WH8DAAMNT,2001/WHQ1,2000/0BST,WH8DAAMNT,W90E2N,W90E2N71860002,1017839650,7111496226,9O,15789318,8/18/17,,ARMY/A82BD,ARMY/A82BD,V9/2017,113003WEAD,8/17/17,8/21/17,1,909,0,,1,
WH8DAAMNT,2001/WHQ1,2000/0BST,WH8DAAMNT,W90E2N,W90E2N71860002,1017839650,7111496226,9O,15789318,8/21/17,,ARMY/A82BD,ARMY/A82BD,V9/2017,113003WEAD,8/17/17,8/21/17,1,-909,0,,1,
WH8DAAMNT,2001/WHQ1,2000/0BST,WH8DAAMNT,W90E2N,W90E2N71860002,1017839650,7111496226,9O,15789318,8/21/17,,ARMY/A82BD,ARMY/A82BD,V9/2017,113003WEAD,8/17/17,8/22/17,1,909,0,,1,
WH8DAAMNT,2001/WHQ1,2000/0BST,WH8DAAMNT,W90E2N,W90E2N81090008,1028030176,7115262796,9Z,15289280,4/26/18,identifier assembly,ARMY/A82BD,ARMY/A82BD,V9/2018,113003WEAD,4/20/18,4/26/18,1,,0,,1,17601.00
WH8DAAMNT,2001/WHQ1,2000/0BST,WH8DAAMNT,W90E2N,W90E2N71910003,1015939988,7111943379,9O,15419993,7/12/17,,ARMY/A82BD,ARMY/A82BD,V9/2017,113003WEAD,7/11/17,7/13/17,1,886,0,,1,
WH8DAAMNT,2001/WHQ1,2000/0BST,WH8DAAMNT,W90E2N,W90E2N71910003,1015939988,7111943379,9O,15419993,7/13/17,,ARMY/A82BD,ARMY/A82BD,V9/2017,113003WEAD,7/11/17,7/13/17,1,-886,0,,1,
WH8DAAMNT,2001/WHQ1,2000/0BST,WH8DAAMNT,W90E2N,W90E2N71910003,1015939988,7111943379,9O,15419993,7/13/17,,ARMY/A82BD,ARMY/A82BD,V9/2017,113003WEAD,7/11/17,7/15/17,1,886,0,,1,
WH8DAAMNT,2001/WHQ1,2000/0BST,WH8DAAMNT,W90E2N,W90E2N82000005,1028045796,7116279870,9Z,15289280,7/27/18,identifier assembly,ARMY/A82BD,ARMY/A82BD,V9/2018,113003WEAD,7/19/18,7/27/18,1,,0,,1,17601.00
WH8DAAMNT,2001/WHQ1,2000/0BST,WH8DAAMNT,W90E2N,W90E2N71910005,1016344816,7111942399,9O,200006890,7/12/17,,ARMY/A82BD,ARMY/A82BD,V9/2017,113003WEAD,7/11/17,7/13/17,1,173,0,,1,
WH8DAAMNT,2001/WHQ1,2000/0BST,WH8DAAMNT,W90E2N,W90E2N71910005,1016344816,7111942399,9O,200006890,7/13/17,,ARMY/A82BD,ARMY/A82BD,V9/2017,113003WEAD,7/11/17,7/13/17,1,-173,0,,1,
WH8DAAMNT,2001/WHQ1,2000/0BST,WH8DAAMNT,W90E2N,W90E2N71910005,1016344816,7111942399,9O,200006890,7/13/17,,ARMY/A82BD,ARMY/A82BD,V9/2017,113003WEAD,7/11/17,7/15/17,1,173,0,,1,
WH8DAAMNT,2001/WHQ1,2000/0BST,WH8DAAMNT,W90E2N,W90E2N82000006,1028824861,7116279871,9Z,15289280,8/7/18,identifier assembly,ARMY/A82BD,ARMY/A82BD,V9/2018,113003WEAD,8/3/18,8/7/18,1,,0,,1,17601.00
WH8DAAMNT,2001/WHQ1,2000/0BST,WH8DAAMNT,W90E2N,W90E2N72290001,1020165420,7112414918,9K,15592715,8/18/17,,ARMY/A82BD,ARMY/A82BD,V9/2017,113003WEAD,8/17/17,8/21/17,1,1017,0,,1,
WH8DAAMNT,2001/WHQ1,2000/0BST,WH8DAAMNT,W90E2N,W90E2N72290001,1020165420,7112414918,9K,15592715,8/21/17,,ARMY/A82BD,ARMY/A82BD,V9/2017,113003WEAD,8/17/17,8/21/17,1,-1017,0,,1,
WH8DAAMNT,2001/WHQ1,2000/0BST,WH8DAAMNT,W90E2N,W90E2N72290001,1020165420,7112414918,9K,15592715,8/21/17,,ARMY/A82BD,ARMY/A82BD,V9/2017,113003WEAD,8/17/17,8/22/17,1,1017,0,,1,
WH8DAAMNT,2001/WHQ1,2000/0BST,WH8DAAMNT,W90E2N,W90E2N82000008,1029103535,7116010960,9Z,15289280,7/27/18,identifer,ARMY/A82BD,ARMY/A82BD,V9/2018,113003WEAD,7/19/18,7/27/18,1,,0,,1,17601.00
WH8DAAMNT,2001/WHQ1,2000/0BST,WH8DAAMNT,W90E2N,W90E2N73060001,1021552017,7112531854,9O,15419993,11/6/17,,ARMY/A82BD,ARMY/A82BD,V9/2018,113003WEAD,11/4/17,11/8/17,1,2202,0,,1,
WH8DAAMNT,2001/WHQ1,2000/0BST,WH8DAAMNT,W90E2N,W90E2N73060001,1021552017,7112531854,9O,15419993,11/8/17,,ARMY/A82BD,ARMY/A82BD,V9/2018,113003WEAD,11/4/17,11/8/17,1,-2202,0,,1,
WH8DAAMNT,2001/WHQ1,2000/0BST,WH8DAAMNT,W90E2N,W90E2N73060001,1021552017,7112531854,9O,15419993,11/8/17,,ARMY/A82BD,ARMY/A82BD,V9/2018,113003WEAD,11/4/17,11/14/17,1,2202,0,,1,
WH8DAAMNT,2001/WHQ1,2000/0BST,WH8DAAMNT,W90E2N,W90E2N90160002,1038536547,7118712578,9O,15732154,1/24/19,housing electronic components,ARMY/A82BD,ARMY/A82BD,V9/2019,113003WHST,1/17/19,1/24/19,1,,0,,1,16142.00
WH8DAAMNT,2001/WHQ1,2000/0BST,WH8DAAMNT,W90E2N,W90E2N73060002,1021396007,7113316855,9M,251504628,11/6/17,,ARMY/A82BD,ARMY/A82BD,V9/2018,113003WEAD,11/4/17,11/8/17,1,1537,0,,1,
WH8DAAMNT,2001/WHQ1,2000/0BST,WH8DAAMNT,W90E2N,W90E2N73060002,1021396007,7113316855,9M,251504628,11/8/17,,ARMY/A82BD,ARMY/A82BD,V9/2018,113003WEAD,11/4/17,11/8/17,1,-1537,0,,1,
WH8DAAMNT,2001/WHQ1,2000/0BST,WH8DAAMNT,W90E2N,W90E2N73060002,1021396007,7113316855,9M,251504628,11/8/17,,ARMY/A82BD,ARMY/A82BD,V9/2018,113003WEAD,11/4/17,11/14/17,1,1537,0,,1,
WH8DAAMNT,2001/WHQ1,2000/0BST,WH8DAAMNT,W90E2N,W90E2N91140004,1042780679,7119915019,9O,15732154,5/7/19,housing electronic components,ARMY/A82BD,ARMY/A82BD,V9/2019,113003WHST,4/26/19,5/7/19,1,,0,,1,16142.00
WH8DAAMNT,2001/WHQ1,2000/0BST,WH8DAAMNT,W90E2N,W90E2N73320002,1021629526,7113307265,9K,200003667,12/7/17,wheel and tire assembly,ARMY/A82BD,ARMY/A82BD,V9/2018,113003WEAD,11/29/17,12/7/17,1,,0,,1,15125.00
WH8DAAMNT,2001/WHQ1,2000/0BST,WH8DAAMNT,W90E2N,W90E2N73320002,1021629526,7113307265,9K,200003667,11/30/17,,ARMY/A82BD,ARMY/A82BD,V9/2018,113003WEAD,11/29/17,12/1/17,1,15125,0,,1,
WH8DAAMNT,2001/WHQ1,2000/0BST,WH8DAAMNT,W90E2N,W90E2N73320002,1021629526,7113307265,9K,200003667,12/1/17,,ARMY/A82BD,ARMY/A82BD,V9/2018,113003WEAD,11/29/17,12/1/17,1,-15125,0,,1,
WH8DAAMNT,2001/WHQ1,2000/0BST,WH8DAAMNT,W90E2N,W90E2N73320002,1021629526,7113307265,9K,200003667,12/1/17,,ARMY/A82BD,ARMY/A82BD,V9/2018,113003WEAD,11/29/17,12/7/17,1,15125,0,,1,
WH8DAAMNT,2001/WHQ1,2000/0BST,WH8DAAMNT,W90E2N,W90E2N90560002,1040724639,7119243240,9Z,123266355,3/9/19,probe assembly sam,ARMY/A82BD,ARMY/A82BD,V9/2019,113003WHST,3/5/19,3/9/19,1,,0,,1,13546.00
WH8DAAMNT,2001/WHQ1,2000/0BST,WH8DAAMNT,W90E2N,W90E2N80530003,1023278124,7114265914,9K,11931869,4/20/18,,ARMY/A82BD,ARMY/A82BD,V9/2018,113003WEAD,4/20/18,4/23/18,1,192,0,,1,
WH8DAAMNT,2001/WHQ1,2000/0BST,WH8DAAMNT,W90E2N,W90E2N80530003,1023278124,7114265914,9K,11931869,4/23/18,,ARMY/A82BD,ARMY/A82BD,V9/2018,113003WEAD,4/20/18,4/23/18,1,-192,0,,1,
WH8DAAMNT,2001/WHQ1,2000/0BST,WH8DAAMNT,W90E2N,W90E2N80530003,1023278124,7114265914,9K,11931869,4/23/18,,ARMY/A82BD,ARMY/A82BD,V9/2018,113003WEAD,4/20/18,4/26/18,1,192,0,,1,
WH8DAAMNT,2001/WHQ1,2000/0BST,WH8DAAMNT,W90E2N,W90E2N82890001,1035888107,7117658240,9K,200003667,11/8/18,wheel and tire assembly,ARMY/A82BD,ARMY/A82BD,V9/2019,113003WHST,10/26/18,11/8/18,1,,0,,1,13170.00
WH8DAAMNT,2001/WHQ1,2000/0BST,WH8DAAMNT,W90E2N,W90E2N80530005,1023276812,7114419741,9B,11931870,3/8/18,,ARMY/A82BD,ARMY/A82BD,V9/2018,113003WEAD,3/7/18,3/12/18,1,196,0,,1,
WH8DAAMNT,2001/WHQ1,2000/0BST,WH8DAAMNT,W90E2N,W90E2N80530005,1023276812,7114419741,9B,11931870,3/12/18,,ARMY/A82BD,ARMY/A82BD,V9/2018,113003WEAD,3/7/18,3/12/18,1,-196,0,,1,
WH8DAAMNT,2001/WHQ1,2000/0BST,WH8DAAMNT,W90E2N,W90E2N80530005,1023276812,7114419741,9B,11931870,3/12/18,,ARMY/A82BD,ARMY/A82BD,V9/2018,113003WEAD,3/7/18,3/15/18,1,197,0,,1,
WH8DAAMNT,2001/WHQ1,2000/0BST,WH8DAAMNT,W90E2N,W90E2N00280002,1053208486,7123290127,9Z,15289281,2/11/20,collector assembly,ARMY/A82BD,ARMY/A82BD,V9/2020,113003WHST,2/3/20,2/11/20,1,,0,,1,12565.00
WH8DAAMNT,2001/WHQ1,2000/0BST,WH8DAAMNT,W90E2N,W90E2N80530007,1023734049,7113585749,9K,200003667,3/8/18,,ARMY/A82BD,ARMY/A82BD,V9/2018,113003WEAD,3/7/18,3/12/18,1,3025,0,,1,
WH8DAAMNT,2001/WHQ1,2000/0BST,WH8DAAMNT,W90E2N,W90E2N80530007,1023734049,7113585749,9K,200003667,3/12/18,,ARMY/A82BD,ARMY/A82BD,V9/2018,113003WEAD,3/7/18,3/12/18,1,-3025,0,,1,
WH8DAAMNT,2001/WHQ1,2000/0BST,WH8DAAMNT,W90E2N,W90E2N80530007,1023734049,7113585749,9K,200003667,3/12/18,,ARMY/A82BD,ARMY/A82BD,V9/2018,113003WEAD,3/7/18,3/15/18,1,3025,0,,1,
WH8DAAMNT,2001/WHQ1,2000/0BST,WH8DAAMNT,W90E2N,W90E2N00410002,1053865149,7123923223,9Z,15289281,2/21/20,collector assembly,ARMY/A82BD,ARMY/A82BD,V9/2020,113003WHST,2/13/20,2/21/20,1,,0,,1,12565.00
WH8DAAMNT,2001/WHQ1,2000/0BST,WH8DAAMNT,W90E2N,W90E2N80870001,1026843378,7114411885,9K,200003667,4/27/18,,ARMY/A82BD,ARMY/A82BD,V9/2018,113003WEAD,4/26/18,4/30/18,1,3025,0,,1,
WH8DAAMNT,2001/WHQ1,2000/0BST,WH8DAAMNT,W90E2N,W90E2N80870001,1026843378,7114411885,9K,200003667,4/30/18,,ARMY/A82BD,ARMY/A82BD,V9/2018,113003WEAD,4/26/18,4/30/18,1,-3025,0,,1,
WH8DAAMNT,2001/WHQ1,2000/0BST,WH8DAAMNT,W90E2N,W90E2N80870001,1026843378,7114411885,9K,200003667,4/30/18,,ARMY/A82BD,ARMY/A82BD,V9/2018,113003WEAD,4/26/18,5/5/18,1,3025,0,,1,
WH8DAAMNT,2001/WHQ1,2000/0BST,WH8DAAMNT,W90E2N,W90E2N00410003,1054070370,7123909937,9Z,15289281,2/21/20,collector assembly,ARMY/A82BD,ARMY/A82BD,V9/2020,113003WHST,2/13/20,2/21/20,1,,0,,1,12565.00
WH8DAAMNT,2001/WHQ1,2000/0BST,WH8DAAMNT,W90E2N,W90E2N80870003,1026872268,7114960859,9Z,15737965,4/27/18,,ARMY/A82BD,ARMY/A82BD,V9/2018,113003WEAD,4/26/18,4/30/18,1,2333,0,,1,
WH8DAAMNT,2001/WHQ1,2000/0BST,WH8DAAMNT,W90E2N,W90E2N80870003,1026872268,7114960859,9Z,15737965,4/30/18,,ARMY/A82BD,ARMY/A82BD,V9/2018,113003WEAD,4/26/18,4/30/18,1,-2333,0,,1,
WH8DAAMNT,2001/WHQ1,2000/0BST,WH8DAAMNT,W90E2N,W90E2N80870004,1022386847,7114411886,9K,15004619,4/27/18,,ARMY/A82BD,ARMY/A82BD,V9/2018,113003WEAD,4/26/18,4/30/18,1,351,0,,1,
WH8DAAMNT,2001/WHQ1,2000/0BST,WH8DAAMNT,W90E2N,W90E2N80870004,1022386847,7114411886,9K,15004619,4/30/18,,ARMY/A82BD,ARMY/A82BD,V9/2018,113003WEAD,4/26/18,4/30/18,1,-351,0,,1,
WH8DAAMNT,2001/WHQ1,2000/0BST,WH8DAAMNT,W90E2N,W90E2N80870004,1022386847,7114411886,9K,15004619,4/30/18,,ARMY/A82BD,ARMY/A82BD,V9/2018,113003WEAD,4/26/18,5/5/18,1,351,0,,1,
WH8DAAMNT,2001/WHQ1,2000/0BST,WH8DAAMNT,W90E2N,W90E2N83100006,1035671279,7117941657,9Z,15289281,12/4/18,collector assembly,ARMY/A82BD,ARMY/A82BC,V9/2019,113063WHST,11/6/18,12/4/18,1,,0,,1,12527.00
WH8DAAMNT,2001/WHQ1,2000/0BST,WH8DAAMNT,W90E2N,W90E2N81090003,1028395745,7115212500,9Z,15540754,4/20/18,,ARMY/A82BD,ARMY/A82BD,V9/2018,113003WEAD,4/20/18,4/23/18,1,43572,0,,1,
WH8DAAMNT,2001/WHQ1,2000/0BST,WH8DAAMNT,W90E2N,W90E2N81090003,1028395745,7115212500,9Z,15540754,4/23/18,,ARMY/A82BD,ARMY/A82BD,V9/2018,113003WEAD,4/20/18,4/23/18,1,-43572,0,,1,
WH8DAAMNT,2001/WHQ1,2000/0BST,WH8DAAMNT,W90E2N,W90E2N81090003,1028395745,7115212500,9Z,15540754,4/23/18,,ARMY/A82BD,ARMY/A82BD,V9/2018,113003WEAD,4/20/18,4/26/18,1,43572,0,,1,
WH8DAAMNT,2001/WHQ1,2000/0BST,WH8DAAMNT,W90E2N,W90E2N83240001,1037523129,7118121588,9Z,15289281,1/3/19,collector assembly,ARMY/A82BD,ARMY/A82BD,V9/2019,113003WHST,12/17/18,1/3/19,1,,0,,1,12527.00
WH8DAAMNT,2001/WHQ1,2000/0BST,WH8DAAMNT,W90E2N,W90E2N81090005,1028493882,7115253141,9Z,15289281,4/20/18,,ARMY/A82BD,ARMY/A82BD,V9/2018,113003WEAD,4/20/18,4/23/18,1,8059,0,,1,
WH8DAAMNT,2001/WHQ1,2000/0BST,WH8DAAMNT,W90E2N,W90E2N81090005,1028493882,7115253141,9Z,15289281,4/23/18,,ARMY/A82BD,ARMY/A82BD,V9/2018,113003WEAD,4/20/18,4/23/18,1,-8059,0,,1,
WH8DAAMNT,2001/WHQ1,2000/0BST,WH8DAAMNT,W90E2N,W90E2N81090005,1028493882,7115253141,9Z,15289281,4/23/18,,ARMY/A82BD,ARMY/A82BD,V9/2018,113003WEAD,4/20/18,4/26/18,1,8059,0,,1,
WH8DAAMNT,2001/WHQ1,2000/0BST,WH8DAAMNT,W90E2N,W90E2N83510008,1037857190,7118451500,9Z,15289281,12/22/18,collector assembly,ARMY/A82BD,ARMY/A82BD,V9/2019,113003WHST,12/19/18,12/22/18,1,,0,,1,12527.00
WH8DAAMNT,2001/WHQ1,2000/0BST,WH8DAAMNT,W90E2N,W90E2N81090006,1028179975,7114392404,9Z,15559347,4/23/18,,ARMY/A82BD,ARMY/A82BD,V9/2018,113003WEAD,4/20/18,4/25/18,1,7217,0,,1,
WH8DAAMNT,2001/WHQ1,2000/0BST,WH8DAAMNT,W90E2N,W90E2N81090006,1028179975,7114392404,9Z,15559347,4/25/18,,ARMY/A82BD,ARMY/A82BD,V9/2018,113003WEAD,4/20/18,4/25/18,1,-7217,0,,1,
WH8DAAMNT,2001/WHQ1,2000/0BST,WH8DAAMNT,W90E2N,W90E2N81090006,1028179975,7114392404,9Z,15559347,4/25/18,,ARMY/A82BD,ARMY/A82BD,V9/2018,113003WEAD,4/20/18,4/26/18,1,7217,0,,1,
WH8DAAMNT,2001/WHQ1,2000/0BST,WH8DAAMNT,W90E2N,W90E2N83540002,1037975077,7118486397,9Z,15289281,12/28/18,collector assembly,ARMY/A82BD,ARMY/A82BD,V9/2019,113003WHST,12/20/18,12/28/18,1,,0,,1,12527.00
WH8DAAMNT,2001/WHQ1,2000/0BST,WH8DAAMNT,W90E2N,W90E2N81090008,1028030176,7115262796,9Z,15289280,4/20/18,,ARMY/A82BD,ARMY/A82BD,V9/2018,113003WEAD,4/20/18,4/23/18,1,17601,0,,1,
WH8DAAMNT,2001/WHQ1,2000/0BST,WH8DAAMNT,W90E2N,W90E2N81090008,1028030176,7115262796,9Z,15289280,4/23/18,,ARMY/A82BD,ARMY/A82BD,V9/2018,113003WEAD,4/20/18,4/23/18,1,-17601,0,,1,
WH8DAAMNT,2001/WHQ1,2000/0BST,WH8DAAMNT,W90E2N,W90E2N81090008,1028030176,7115262796,9Z,15289280,4/23/18,,ARMY/A82BD,ARMY/A82BD,V9/2018,113003WEAD,4/20/18,4/26/18,1,17601,0,,1,
WH8DAAMNT,2001/WHQ1,2000/0BST,WH8DAAMNT,W90E2N,W90E2N90160010,1038534128,7118742737,9M,15468571,1/24/19,turret combat vehicle,ARMY/A82BD,ARMY/A82BD,V9/2019,113003WHST,1/17/19,1/24/19,1,,0,,1,12101.00
WH8DAAMNT,2001/WHQ1,2000/0BST,WH8DAAMNT,W90E2N,W90E2N81090010,1027985343,7115250640,9Z,15289282,4/20/18,,ARMY/A82BD,ARMY/A82BD,V9/2018,113003WEAD,4/20/18,4/23/18,1,10135,0,,1,
WH8DAAMNT,2001/WHQ1,2000/0BST,WH8DAAMNT,W90E2N,W90E2N81090010,1027985343,7115250640,9Z,15289282,4/23/18,,ARMY/A82BD,ARMY/A82BD,V9/2018,113003WEAD,4/20/18,4/23/18,1,-10135,0,,1,
WH8DAAMNT,2001/WHQ1,2000/0BST,WH8DAAMNT,W90E2N,W90E2N81090010,1027985343,7115250640,9Z,15289282,4/23/18,,ARMY/A82BD,ARMY/A82BD,V9/2018,113003WEAD,4/20/18,4/26/18,1,10135,0,,1,
WH8DAAMNT,2001/WHQ1,2000/0BST,WH8DAAMNT,W90E2N,W90E2N93520003,1052038364,7122776685,9O,15136214,1/10/20,diff gear unit,ARMY/A82BD,ARMY/A82BD,V9/2020,113003WHST,12/23/19,1/10/20,1,,0,,1,11376.00
WH8DAAMNT,2001/WHQ1,2000/0BST,WH8DAAMNT,W90E2N,W90E2N81100002,1028670693,7115202374,9Z,15540754,4/23/18,,ARMY/A82BD,ARMY/A82BD,V9/2018,113003WEAD,4/20/18,4/25/18,1,43572,0,,1,
WH8DAAMNT,2001/WHQ1,2000/0BST,WH8DAAMNT,W90E2N,W90E2N81100002,1028670693,7115202374,9Z,15540754,4/25/18,,ARMY/A82BD,ARMY/A82BD,V9/2018,113003WEAD,4/20/18,4/25/18,1,-43572,0,,1,
WH8DAAMNT,2001/WHQ1,2000/0BST,WH8DAAMNT,W90E2N,W90E2N81100002,1028670693,7115202374,9Z,15540754,4/25/18,,ARMY/A82BD,ARMY/A82BD,V9/2018,113003WEAD,4/20/18,4/26/18,1,43572,0,,1,
WH8DAAMNT,2001/WHQ1,2000/0BST,WH8DAAMNT,W90E2N,W90E2N93180006,1050788957,7122898439,9K,200003667,12/10/19,wheel and tire assembly,ARMY/A82BD,ARMY/A82BD,V9/2020,113003WHST,11/19/19,12/10/19,1,,0,,1,10808.00
WH8DAAMNT,2001/WHQ1,2000/0BST,WH8DAAMNT,W90E2N,W90E2N81140008,1028861906,7115063092,9O,991312145,4/27/18,,ARMY/A82BD,ARMY/A82BD,V9/2018,113003WEAD,4/26/18,4/30/18,1,86.81,0,,1,
WH8DAAMNT,2001/WHQ1,2000/0BST,WH8DAAMNT,W90E2N,W90E2N81140008,1028861906,7115063092,9O,991312145,4/30/18,,ARMY/A82BD,ARMY/A82BD,V9/2018,113003WEAD,4/26/18,4/30/18,1,-86.81,0,,1,
WH8DAAMNT,2001/WHQ1,2000/0BST,WH8DAAMNT,W90E2N,W90E2N81140008,1028861906,7115063092,9O,991312145,4/30/18,,ARMY/A82BD,ARMY/A82BD,V9/2018,113003WEAD,4/26/18,5/5/18,1,86.81,0,,1,
WH8DAAMNT,2001/WHQ1,2000/0BST,WH8DAAMNT,W90E2N,W90E2N00230005,1053348005,7123674435,9Z,15289282,2/11/20,fluid transfer system,ARMY/A82BD,ARMY/A82BD,V9/2020,113003WHST,2/3/20,2/11/20,1,,0,,1,10405.00
WH8DAAMNT,2001/WHQ1,2000/0BST,WH8DAAMNT,W90E2N,W90E2N81500005,1029103692,7115344192,9Z,15330140,5/31/18,,ARMY/A82BD,ARMY/A82BD,V9/2018,113003WEAD,5/31/18,6/3/18,1,240499,0,,1,
WH8DAAMNT,2001/WHQ1,2000/0BST,WH8DAAMNT,W90E2N,W90E2N81500005,1029103692,7115344192,9Z,15330140,5/31/18,,ARMY/A82BD,ARMY/A82BD,V9/2018,113003WEAD,5/31/18,10/1/18,1,240499,0,,1,
WH8DAAMNT,2001/WHQ1,2000/0BST,WH8DAAMNT,W90E2N,W90E2N81500005,1029103692,7115344192,9Z,15330140,6/3/18,,ARMY/A82BD,ARMY/A82BD,V9/2018,113003WEAD,5/31/18,6/3/18,1,-240499,0,,1,
WH8DAAMNT,2001/WHQ1,2000/0BST,WH8DAAMNT,W90E2N,W90E2N81500005,1029103692,7115344192,9Z,15330140,6/3/18,,ARMY/A82BD,ARMY/A82BD,V9/2018,113003WEAD,5/31/18,6/7/18,1,240499,0,,1,
WH8DAAMNT,2001/WHQ1,2000/0BST,WH8DAAMNT,W90E2N,W90E2N00420003,1054496133,7123897265,9Z,15289282,2/21/20,fluid transfer system,ARMY/A82BD,ARMY/A82BD,V9/2020,113003WHST,2/13/20,2/21/20,1,,0,,1,10405.00
WH8DAAMNT,2001/WHQ1,2000/0BST,WH8DAAMNT,W90E2N,W90E2N81500005,1029103692,7115344192,9Z,15330140,10/1/18,,ARMY/A82BD,ARMY/A82BD,V9/2019,113003WEAD,5/31/18,10/1/18,1,-240499,0,,1,
WH8DAAMNT,2001/WHQ1,2000/0BST,WH8DAAMNT,W90E2N,W90E2N81500005,1029103692,7115344192,9Z,15330140,10/1/18,,ARMY/A82BD,ARMY/A82BD,V9/2019,113003WEAD,5/31/18,9/30/19,1,240499,0,,1,
WH8DAAMNT,2001/WHQ1,2000/0BST,WH8DAAMNT,W90E2N,W90E2N81500005,1029103692,7115344192,9Z,15330140,9/30/19,,ARMY/A82BD,ARMY/A82BD,V9/2019,113003WEAD,5/31/18,9/30/19,1,-240499,0,,1,
WH8DAAMNT,2001/WHQ1,2000/0BST,WH8DAAMNT,W90E2N,W90E2N81500006,1029739579,7115760762,9Z,15330140,5/31/18,,ARMY/A82BD,ARMY/A82BD,V9/2018,113003WEAD,5/31/18,6/3/18,1,240499,0,,1,
WH8DAAMNT,2001/WHQ1,2000/0BST,WH8DAAMNT,W90E2N,W90E2N81500006,1029739579,7115760762,9Z,15330140,5/31/18,,ARMY/A82BD,ARMY/A82BD,V9/2018,113003WEAD,5/31/18,6/7/18,1,240499,0,,1,
WH8DAAMNT,2001/WHQ1,2000/0BST,WH8DAAMNT,W90E2N,W90E2N81500006,1029739579,7115760762,9Z,15330140,6/3/18,,ARMY/A82BD,ARMY/A82BD,V9/2018,113003WEAD,5/31/18,6/3/18,1,-240499,0,,1,
WH8DAAMNT,2001/WHQ1,2000/0BST,WH8DAAMNT,W90E2N,W90E2N81500006,1029739579,7115760762,9Z,15330140,6/3/18,,ARMY/A82BD,ARMY/A82BD,V9/2018,113003WEAD,5/31/18,10/1/18,1,240499,0,,1,
WH8DAAMNT,2001/WHQ1,2000/0BST,WH8DAAMNT,W90E2N,W90E2N82970005,1035726904,7117764705,9Z,15289282,12/4/18,fluid transfer system,ARMY/A82BD,ARMY/A82BC,V9/2019,113063WHST,10/26/18,12/4/18,1,,0,,1,10356.00
WH8DAAMNT,2001/WHQ1,2000/0BST,WH8DAAMNT,W90E2N,W90E2N81500006,1029739579,7115760762,9Z,15330140,10/1/18,,ARMY/A82BD,ARMY/A82BD,V9/2019,113003WEAD,5/31/18,10/1/18,1,-240499,0,,1,
WH8DAAMNT,2001/WHQ1,2000/0BST,WH8DAAMNT,W90E2N,W90E2N81500006,1029739579,7115760762,9Z,15330140,10/1/18,,ARMY/A82BD,ARMY/A82BD,V9/2019,113003WEAD,5/31/18,9/30/19,1,240499,0,,1,
WH8DAAMNT,2001/WHQ1,2000/0BST,WH8DAAMNT,W90E2N,W90E2N81500006,1029739579,7115760762,9Z,15330140,9/30/19,,ARMY/A82BD,ARMY/A82BD,V9/2019,113003WEAD,5/31/18,9/30/19,1,-240499,0,,1,
WH8DAAMNT,2001/WHQ1,2000/0BST,WH8DAAMNT,W90E2N,W90E2N81970002,1029462954,7116287837,9G,15265612,7/20/18,,ARMY/A82BD,ARMY/A82BD,V9/2018,113003WEAD,7/19/18,7/25/18,1,454,0,,1,
WH8DAAMNT,2001/WHQ1,2000/0BST,WH8DAAMNT,W90E2N,W90E2N81970002,1029462954,7116287837,9G,15265612,7/25/18,,ARMY/A82BD,ARMY/A82BD,V9/2018,113003WEAD,7/19/18,7/25/18,1,-454,0,,1,
WH8DAAMNT,2001/WHQ1,2000/0BST,WH8DAAMNT,W90E2N,W90E2N81970002,1029462954,7116287837,9G,15265612,7/25/18,,ARMY/A82BD,ARMY/A82BD,V9/2018,113003WEAD,7/19/18,7/27/18,1,454,0,,1,
WH8DAAMNT,2001/WHQ1,2000/0BST,WH8DAAMNT,W90E2N,W90E2N90160004,1038522717,7118745815,9Z,15289282,1/24/19,fluid transfer system,ARMY/A82BD,ARMY/A82BD,V9/2019,113003WHST,1/16/19,1/24/19,1,,0,,1,10356.00
WH8DAAMNT,2001/WHQ1,2000/0BST,WH8DAAMNT,W90E2N,W90E2N81990001,1031469948,7116115744,9Z,15289281,7/20/18,,ARMY/A82BD,ARMY/A82BD,V9/2018,113003WEAD,7/19/18,7/25/18,1,8059,0,,1,
WH8DAAMNT,2001/WHQ1,2000/0BST,WH8DAAMNT,W90E2N,W90E2N81990001,1031469948,7116115744,9Z,15289281,7/25/18,,ARMY/A82BD,ARMY/A82BD,V9/2018,113003WEAD,7/19/18,7/25/18,1,-8059,0,,1,
WH8DAAMNT,2001/WHQ1,2000/0BST,WH8DAAMNT,W90E2N,W90E2N81990001,1031469948,7116115744,9Z,15289281,7/25/18,,ARMY/A82BD,ARMY/A82BD,V9/2018,113003WEAD,7/19/18,7/27/18,1,8059,0,,1,
WH8DAAMNT,2001/WHQ1,2000/0BST,WH8DAAMNT,W90E2N,W90E2N90160008,1038628046,7118725761,9Z,15289282,1/24/19,fluid transfer system,ARMY/A82BD,ARMY/A82BD,V9/2019,113003WHST,1/17/19,1/24/19,1,,0,,1,10356.00
WH8DAAMNT,2001/WHQ1,2000/0BST,WH8DAAMNT,W90E2N,W90E2N82000001,1029103458,7116097532,9Z,15289282,8/3/18,,ARMY/A82BD,ARMY/A82BD,V9/2018,113003WEAD,8/3/18,8/5/18,1,10135,0,,1,
WH8DAAMNT,2001/WHQ1,2000/0BST,WH8DAAMNT,W90E2N,W90E2N82000001,1029103458,7116097532,9Z,15289282,8/5/18,,ARMY/A82BD,ARMY/A82BD,V9/2018,113003WEAD,8/3/18,8/5/18,1,-10135,0,,1,
WH8DAAMNT,2001/WHQ1,2000/0BST,WH8DAAMNT,W90E2N,W90E2N82000001,1029103458,7116097532,9Z,15289282,8/5/18,,ARMY/A82BD,ARMY/A82BD,V9/2018,113003WEAD,8/3/18,8/7/18,1,10135,0,,1,
WH8DAAMNT,2001/WHQ1,2000/0BST,WH8DAAMNT,W90E2N,W90E2N90440016,1039924752,7119151039,9Z,15289282,2/22/19,fluid transfer system,ARMY/A82BD,ARMY/A82BD,V9/2019,113003WHST,2/14/19,2/22/19,1,,0,,1,10356.00
WH8DAAMNT,2001/WHQ1,2000/0BST,WH8DAAMNT,W90E2N,W90E2N82000005,1028045796,7116279870,9Z,15289280,7/20/18,,ARMY/A82BD,ARMY/A82BD,V9/2018,113003WEAD,7/19/18,7/25/18,1,17601,0,,1,
WH8DAAMNT,2001/WHQ1,2000/0BST,WH8DAAMNT,W90E2N,W90E2N82000005,1028045796,7116279870,9Z,15289280,7/25/18,,ARMY/A82BD,ARMY/A82BD,V9/2018,113003WEAD,7/19/18,7/25/18,1,-17601,0,,1,
WH8DAAMNT,2001/WHQ1,2000/0BST,WH8DAAMNT,W90E2N,W90E2N82000005,1028045796,7116279870,9Z,15289280,7/25/18,,ARMY/A82BD,ARMY/A82BD,V9/2018,113003WEAD,7/19/18,7/27/18,1,17601,0,,1,
WH8DAAMNT,2001/WHQ1,2000/0BST,WH8DAAMNT,W90E2N,W90E2N81090010,1027985343,7115250640,9Z,15289282,4/26/18,fluid transfer system,ARMY/A82BD,ARMY/A82BD,V9/2018,113003WEAD,4/20/18,4/26/18,1,,0,,1,10135.00
WH8DAAMNT,2001/WHQ1,2000/0BST,WH8DAAMNT,W90E2N,W90E2N82000006,1028824861,7116279871,9Z,15289280,8/3/18,,ARMY/A82BD,ARMY/A82BD,V9/2018,113003WEAD,8/3/18,8/5/18,1,17601,0,,1,
WH8DAAMNT,2001/WHQ1,2000/0BST,WH8DAAMNT,W90E2N,W90E2N82000006,1028824861,7116279871,9Z,15289280,8/5/18,,ARMY/A82BD,ARMY/A82BD,V9/2018,113003WEAD,8/3/18,8/5/18,1,-17601,0,,1,
WH8DAAMNT,2001/WHQ1,2000/0BST,WH8DAAMNT,W90E2N,W90E2N82000006,1028824861,7116279871,9Z,15289280,8/5/18,,ARMY/A82BD,ARMY/A82BD,V9/2018,113003WEAD,8/3/18,8/7/18,1,17601,0,,1,
WH8DAAMNT,2001/WHQ1,2000/0BST,WH8DAAMNT,W90E2N,W90E2N82000001,1029103458,7116097532,9Z,15289282,8/7/18,fluid transfer system,ARMY/A82BD,ARMY/A82BD,V9/2018,113003WEAD,8/3/18,8/7/18,1,,0,,1,10135.00
WH8DAAMNT,2001/WHQ1,2000/0BST,WH8DAAMNT,W90E2N,W90E2N82000008,1029103535,7116010960,9Z,15289280,7/20/18,,ARMY/A82BD,ARMY/A82BD,V9/2018,113003WEAD,7/19/18,7/25/18,1,17601,0,,1,
WH8DAAMNT,2001/WHQ1,2000/0BST,WH8DAAMNT,W90E2N,W90E2N82000008,1029103535,7116010960,9Z,15289280,7/25/18,,ARMY/A82BD,ARMY/A82BD,V9/2018,113003WEAD,7/19/18,7/25/18,1,-17601,0,,1,
WH8DAAMNT,2001/WHQ1,2000/0BST,WH8DAAMNT,W90E2N,W90E2N82000008,1029103535,7116010960,9Z,15289280,7/25/18,,ARMY/A82BD,ARMY/A82BD,V9/2018,113003WEAD,7/19/18,7/27/18,1,17601,0,,1,
WH8DAAMNT,2001/WHQ1,2000/0BST,WH8DAAMNT,W90E2N,W90E2N82000009,1030980258,7115889741,9Z,15289282,8/7/18,fluid transfer system,ARMY/A82BD,ARMY/A82BD,V9/2018,113003WEAD,8/3/18,8/7/18,1,,0,,1,10135.00
WH8DAAMNT,2001/WHQ1,2000/0BST,WH8DAAMNT,W90E2N,W90E2N82000009,1030980258,7115889741,9Z,15289282,8/3/18,,ARMY/A82BD,ARMY/A82BD,V9/2018,113003WEAD,8/3/18,8/5/18,1,10135,0,,1,
WH8DAAMNT,2001/WHQ1,2000/0BST,WH8DAAMNT,W90E2N,W90E2N82000009,1030980258,7115889741,9Z,15289282,8/5/18,,ARMY/A82BD,ARMY/A82BD,V9/2018,113003WEAD,8/3/18,8/5/18,1,-10135,0,,1,
WH8DAAMNT,2001/WHQ1,2000/0BST,WH8DAAMNT,W90E2N,W90E2N82000009,1030980258,7115889741,9Z,15289282,8/5/18,,ARMY/A82BD,ARMY/A82BD,V9/2018,113003WEAD,8/3/18,8/7/18,1,10135,0,,1,
WH8DAAMNT,2001/WHQ1,2000/0BST,WH8DAAMNT,W90E2N,W90E2N82000010,1032074100,7116196450,9Z,15289282,7/27/18,fluid transfer system,ARMY/A82BD,ARMY/A82BD,V9/2018,113003WEAD,7/19/18,7/27/18,1,,0,,1,10135.00
WH8DAAMNT,2001/WHQ1,2000/0BST,WH8DAAMNT,W90E2N,W90E2N82000010,1032074100,7116196450,9Z,15289282,7/20/18,,ARMY/A82BD,ARMY/A82BD,V9/2018,113003WEAD,7/19/18,7/25/18,1,10135,0,,1,
WH8DAAMNT,2001/WHQ1,2000/0BST,WH8DAAMNT,W90E2N,W90E2N82000010,1032074100,7116196450,9Z,15289282,7/25/18,,ARMY/A82BD,ARMY/A82BD,V9/2018,113003WEAD,7/19/18,7/25/18,1,-10135,0,,1,
WH8DAAMNT,2001/WHQ1,2000/0BST,WH8DAAMNT,W90E2N,W90E2N82000010,1032074100,7116196450,9Z,15289282,7/25/18,,ARMY/A82BD,ARMY/A82BD,V9/2018,113003WEAD,7/19/18,7/27/18,1,10135,0,,1,
WH8DAAMNT,2001/WHQ1,2000/0BST,WH8DAAMNT,W90E2N,W90E2N82000011,1032079222,7116187897,9Z,15289282,7/27/18,fluid transfer system,ARMY/A82BD,ARMY/A82BD,V9/2018,113003WEAD,7/19/18,7/27/18,1,,0,,1,10135.00
WH8DAAMNT,2001/WHQ1,2000/0BST,WH8DAAMNT,W90E2N,W90E2N82000011,1032079222,7116187897,9Z,15289282,7/20/18,,ARMY/A82BD,ARMY/A82BD,V9/2018,113003WEAD,7/19/18,7/25/18,1,10135,0,,1,
WH8DAAMNT,2001/WHQ1,2000/0BST,WH8DAAMNT,W90E2N,W90E2N82000011,1032079222,7116187897,9Z,15289282,7/25/18,,ARMY/A82BD,ARMY/A82BD,V9/2018,113003WEAD,7/19/18,7/25/18,1,-10135,0,,1,
WH8DAAMNT,2001/WHQ1,2000/0BST,WH8DAAMNT,W90E2N,W90E2N82000011,1032079222,7116187897,9Z,15289282,7/25/18,,ARMY/A82BD,ARMY/A82BD,V9/2018,113003WEAD,7/19/18,7/27/18,1,10135,0,,1,
WH8DAAMNT,2001/WHQ1,2000/0BST,WH8DAAMNT,W90E2N,W90E2N82430002,1032228223,7116785509,9Z,15289282,9/8/18,fluid transfer system,ARMY/A82BD,ARMY/A82BD,V9/2018,113003WEAD,8/31/18,9/8/18,1,,0,,1,10135.00
WH8DAAMNT,2001/WHQ1,2000/0BST,WH8DAAMNT,W90E2N,W90E2N82200001,1028498293,7115677454,9Z,15559347,8/16/18,,ARMY/A82BD,ARMY/A82BD,V9/2018,113003WEAD,8/16/18,8/18/18,1,7217,0,,1,
WH8DAAMNT,2001/WHQ1,2000/0BST,WH8DAAMNT,W90E2N,W90E2N82200001,1028498293,7115677454,9Z,15559347,8/18/18,,ARMY/A82BD,ARMY/A82BD,V9/2018,113003WEAD,8/16/18,8/18/18,1,-7217,0,,1,
WH8DAAMNT,2001/WHQ1,2000/0BST,WH8DAAMNT,W90E2N,W90E2N82200001,1028498293,7115677454,9Z,15559347,8/18/18,,ARMY/A82BD,ARMY/A82BD,V9/2018,113003WEAD,8/16/18,8/21/18,1,7217,0,,1,
WH8DAAMNT,2001/WHQ1,2000/0BST,WH8DAAMNT,W90E2N,W90E2N82600004,1033896281,7117007582,9Z,15289282,10/12/18,fluid transfer system,ARMY/A82BD,ARMY/A82BD,V9/2019,113003WEAD,9/22/18,10/12/18,1,,0,,1,10135.00
WH8DAAMNT,2001/WHQ1,2000/0BST,WH8DAAMNT,W90E2N,W90E2N82280010,1030576818,7116473472,9O,15984055,8/17/18,,ARMY/A82BD,ARMY/A82BD,V9/2018,113003WEAD,8/16/18,8/19/18,1,2836,0,,1,
WH8DAAMNT,2001/WHQ1,2000/0BST,WH8DAAMNT,W90E2N,W90E2N82280010,1030576818,7116473472,9O,15984055,8/19/18,,ARMY/A82BD,ARMY/A82BD,V9/2018,113003WEAD,8/16/18,8/19/18,1,-2836,0,,1,
WH8DAAMNT,2001/WHQ1,2000/0BST,WH8DAAMNT,W90E2N,W90E2N82280010,1030576818,7116473472,9O,15984055,8/19/18,,ARMY/A82BD,ARMY/A82BD,V9/2018,113003WEAD,8/16/18,8/23/18,1,2836,0,,1,
WH8DAAMNT,2001/WHQ1,2000/0BST,WH8DAAMNT,W90E2N,W90E2N71710001,1016053922,7111364388,9D,123781200,7/8/17,door,ARMY/A82BD,ARMY/A82BD,V9/2017,113003WEAD,6/23/17,7/8/17,1,,0,,1,9973.00
WH8DAAMNT,2001/WHQ1,2000/0BST,WH8DAAMNT,W90E2N,W90E2N82410002,1033572721,7116896769,9O,15789318,9/1/18,,ARMY/A82BD,ARMY/A82BD,V9/2018,113003WEAD,8/31/18,9/5/18,1,591,0,,1,
WH8DAAMNT,2001/WHQ1,2000/0BST,WH8DAAMNT,W90E2N,W90E2N82410002,1033572721,7116896769,9O,15789318,9/5/18,,ARMY/A82BD,ARMY/A82BD,V9/2018,113003WEAD,8/31/18,9/5/18,1,-591,0,,1,
WH8DAAMNT,2001/WHQ1,2000/0BST,WH8DAAMNT,W90E2N,W90E2N82410002,1033572721,7116896769,9O,15789318,9/5/18,,ARMY/A82BD,ARMY/A82BD,V9/2018,113003WEAD,8/31/18,9/8/18,1,591,0,,1,
WH8DAAMNT,2001/WHQ1,2000/0BST,WH8DAAMNT,W90E2N,W90E2N81090005,1028493882,7115253141,9Z,15289281,4/26/18,collector assembly,ARMY/A82BD,ARMY/A82BD,V9/2018,113003WEAD,4/20/18,4/26/18,1,,0,,1,8059.00
WH8DAAMNT,2001/WHQ1,2000/0BST,WH8DAAMNT,W90E2N,W90E2N82410003,1033627574,7116907880,9Z,15540754,9/1/18,,ARMY/A82BD,ARMY/A82BD,V9/2018,113003WEAD,8/31/18,9/5/18,1,43572,0,,1,
WH8DAAMNT,2001/WHQ1,2000/0BST,WH8DAAMNT,W90E2N,W90E2N82410003,1033627574,7116907880,9Z,15540754,9/5/18,,ARMY/A82BD,ARMY/A82BD,V9/2018,113003WEAD,8/31/18,9/5/18,1,-43572,0,,1,
WH8DAAMNT,2001/WHQ1,2000/0BST,WH8DAAMNT,W90E2N,W90E2N82410003,1033627574,7116907880,9Z,15540754,9/5/18,,ARMY/A82BD,ARMY/A82BD,V9/2018,113003WEAD,8/31/18,9/8/18,1,43572,0,,1,
WH8DAAMNT,2001/WHQ1,2000/0BST,WH8DAAMNT,W90E2N,W90E2N81990001,1031469948,7116115744,9Z,15289281,7/27/18,collector assembly,ARMY/A82BD,ARMY/A82BD,V9/2018,113003WEAD,7/19/18,7/27/18,1,,0,,1,8059.00
WH8DAAMNT,2001/WHQ1,2000/0BST,WH8DAAMNT,W90E2N,W90E2N82430002,1032228223,7116785509,9Z,15289282,9/1/18,,ARMY/A82BD,ARMY/A82BD,V9/2018,113003WEAD,8/31/18,9/5/18,1,10135,0,,1,
WH8DAAMNT,2001/WHQ1,2000/0BST,WH8DAAMNT,W90E2N,W90E2N82430002,1032228223,7116785509,9Z,15289282,9/5/18,,ARMY/A82BD,ARMY/A82BD,V9/2018,113003WEAD,8/31/18,9/5/18,1,-10135,0,,1,
WH8DAAMNT,2001/WHQ1,2000/0BST,WH8DAAMNT,W90E2N,W90E2N82430002,1032228223,7116785509,9Z,15289282,9/5/18,,ARMY/A82BD,ARMY/A82BD,V9/2018,113003WEAD,8/31/18,9/8/18,1,10135,0,,1,
WH8DAAMNT,2001/WHQ1,2000/0BST,WH8DAAMNT,W90E2N,W90E2N82440001,1033294858,7116030205,9Z,15289281,9/8/18,collector assembly,ARMY/A82BD,ARMY/A82BD,V9/2018,113003WEAD,9/1/18,9/8/18,1,,0,,1,8059.00
WH8DAAMNT,2001/WHQ1,2000/0BST,WH8DAAMNT,W90E2N,W90E2N82440001,1033294858,7116030205,9Z,15289281,9/2/18,,ARMY/A82BD,ARMY/A82BD,V9/2018,113003WEAD,9/1/18,9/5/18,1,8059,0,,1,
WH8DAAMNT,2001/WHQ1,2000/0BST,WH8DAAMNT,W90E2N,W90E2N82440001,1033294858,7116030205,9Z,15289281,9/5/18,,ARMY/A82BD,ARMY/A82BD,V9/2018,113003WEAD,9/1/18,9/5/18,1,-8059,0,,1,
WH8DAAMNT,2001/WHQ1,2000/0BST,WH8DAAMNT,W90E2N,W90E2N82440001,1033294858,7116030205,9Z,15289281,9/5/18,,ARMY/A82BD,ARMY/A82BD,V9/2018,113003WEAD,9/1/18,9/8/18,1,8059,0,,1,
WH8DAAMNT,2001/WHQ1,2000/0BST,WH8DAAMNT,W90E2N,W90E2N82980002,1035690252,7117738370,9Z,15559347,11/8/18,jbpds control assembly,ARMY/A82BD,ARMY/A82BD,V9/2019,113003WHST,10/26/18,11/8/18,1,,0,,1,7386.00
WH8DAAMNT,2001/WHQ1,2000/0BST,WH8DAAMNT,W90E2N,W90E2N82550001,1033973818,7116532716,9Z,15540754,9/23/18,,ARMY/A82BD,ARMY/A82BD,V9/2018,113003WEAD,9/22/18,10/1/18,1,43572,0,,1,
WH8DAAMNT,2001/WHQ1,2000/0BST,WH8DAAMNT,W90E2N,W90E2N82550001,1033973818,7116532716,9Z,15540754,10/1/18,,ARMY/A82BD,ARMY/A82BD,V9/2019,113003WEAD,9/22/18,10/1/18,1,-43572,0,,1,
WH8DAAMNT,2001/WHQ1,2000/0BST,WH8DAAMNT,W90E2N,W90E2N82550001,1033973818,7116532716,9Z,15540754,10/1/18,,ARMY/A82BD,ARMY/A82BD,V9/2019,113003WEAD,9/22/18,10/5/18,1,43572,0,,1,
WH8DAAMNT,2001/WHQ1,2000/0BST,WH8DAAMNT,W90E2N,W90E2N82550001,1033973818,7116532716,9Z,15540754,10/5/18,,ARMY/A82BD,ARMY/A82BD,V9/2019,113003WEAD,9/22/18,10/5/18,1,-43572,0,,1,
WH8DAAMNT,2001/WHQ1,2000/0BST,WH8DAAMNT,W90E2N,W90E2N82550001,1033973818,7116532716,9Z,15540754,10/5/18,,ARMY/A82BD,ARMY/A82BD,V9/2019,113003WEAD,9/22/18,10/12/18,1,43572,0,,1,
WH8DAAMNT,2001/WHQ1,2000/0BST,WH8DAAMNT,W90E2N,W90E2N82980004,1034959885,7117519526,9Z,15559347,11/8/18,jbpds control assembly,ARMY/A82BD,ARMY/A82BD,V9/2019,113003WHST,10/26/18,11/8/18,1,,0,,1,7386.00
WH8DAAMNT,2001/WHQ1,2000/0BST,WH8DAAMNT,W90E2N,W90E2N82600004,1033896281,7117007582,9Z,15289282,9/23/18,,ARMY/A82BD,ARMY/A82BD,V9/2018,113003WEAD,9/22/18,10/1/18,1,10135,0,,1,
WH8DAAMNT,2001/WHQ1,2000/0BST,WH8DAAMNT,W90E2N,W90E2N82600004,1033896281,7117007582,9Z,15289282,10/1/18,,ARMY/A82BD,ARMY/A82BD,V9/2019,113003WEAD,9/22/18,10/1/18,1,-10135,0,,1,
WH8DAAMNT,2001/WHQ1,2000/0BST,WH8DAAMNT,W90E2N,W90E2N82600004,1033896281,7117007582,9Z,15289282,10/1/18,,ARMY/A82BD,ARMY/A82BD,V9/2019,113003WEAD,9/22/18,10/5/18,1,10135,0,,1,
WH8DAAMNT,2001/WHQ1,2000/0BST,WH8DAAMNT,W90E2N,W90E2N82600004,1033896281,7117007582,9Z,15289282,10/5/18,,ARMY/A82BD,ARMY/A82BD,V9/2019,113003WEAD,9/22/18,10/5/18,1,-10135,0,,1,
WH8DAAMNT,2001/WHQ1,2000/0BST,WH8DAAMNT,W90E2N,W90E2N82600004,1033896281,7117007582,9Z,15289282,10/5/18,,ARMY/A82BD,ARMY/A82BD,V9/2019,113003WEAD,9/22/18,10/12/18,1,10135,0,,1,
WH8DAAMNT,2001/WHQ1,2000/0BST,WH8DAAMNT,W90E2N,W90E2N81090006,1028179975,7114392404,9Z,15559347,4/26/18,jbpds control assembly,ARMY/A82BD,ARMY/A82BD,V9/2018,113003WEAD,4/20/18,4/26/18,1,,0,,1,7217.00
WH8DAAMNT,2001/WHQ1,2000/0BST,WH8DAAMNT,W90E2N,W90E2N82830001,1034900899,7117580713,9K,200003667,10/27/18,,ARMY/A82BD,ARMY/A82BD,V9/2019,113003WHST,10/26/18,10/31/18,1,5268,0,,1,
WH8DAAMNT,2001/WHQ1,2000/0BST,WH8DAAMNT,W90E2N,W90E2N82830001,1034900899,7117580713,9K,200003667,10/31/18,,ARMY/A82BD,ARMY/A82BD,V9/2019,113003WHST,10/26/18,10/31/18,1,-5268,0,,1,
WH8DAAMNT,2001/WHQ1,2000/0BST,WH8DAAMNT,W90E2N,W90E2N82830001,1034900899,7117580713,9K,200003667,10/31/18,,ARMY/A82BD,ARMY/A82BD,V9/2019,113003WHST,10/26/18,11/8/18,1,5268,0,,1,
WH8DAAMNT,2001/WHQ1,2000/0BST,WH8DAAMNT,W90E2N,W90E2N82200001,1028498293,7115677454,9Z,15559347,8/21/18,jbpds control assembly,ARMY/A82BD,ARMY/A82BD,V9/2018,113003WEAD,8/16/18,8/21/18,1,,0,,1,7217.00
WH8DAAMNT,2001/WHQ1,2000/0BST,WH8DAAMNT,W90E2N,W90E2N82830002,1034898820,7117598256,9K,200003667,10/27/18,,ARMY/A82BD,ARMY/A82BD,V9/2019,113003WHST,10/26/18,10/31/18,1,2634,0,,1,
WH8DAAMNT,2001/WHQ1,2000/0BST,WH8DAAMNT,W90E2N,W90E2N82830002,1034898820,7117598256,9K,200003667,10/31/18,,ARMY/A82BD,ARMY/A82BD,V9/2019,113003WHST,10/26/18,10/31/18,1,-2634,0,,1,
WH8DAAMNT,2001/WHQ1,2000/0BST,WH8DAAMNT,W90E2N,W90E2N82830002,1034898820,7117598256,9K,200003667,10/31/18,,ARMY/A82BD,ARMY/A82BD,V9/2019,113003WHST,10/26/18,11/8/18,1,2634,0,,1,
WH8DAAMNT,2001/WHQ1,2000/0BST,WH8DAAMNT,W90E2N,W90E2N91140003,1041890199,7120170319,9K,14617078,5/7/19,engine,ARMY/A82BD,ARMY/A82BD,V9/2019,113003WHST,4/25/19,5/7/19,1,,0,,1,7208.00
WH8DAAMNT,2001/WHQ1,2000/0BST,WH8DAAMNT,W90E2N,W90E2N82890001,1035888107,7117658240,9K,200003667,10/27/18,,ARMY/A82BD,ARMY/A82BD,V9/2019,113003WHST,10/26/18,10/31/18,1,13170,0,,1,
WH8DAAMNT,2001/WHQ1,2000/0BST,WH8DAAMNT,W90E2N,W90E2N82890001,1035888107,7117658240,9K,200003667,10/31/18,,ARMY/A82BD,ARMY/A82BD,V9/2019,113003WHST,10/26/18,10/31/18,1,-13170,0,,1,
WH8DAAMNT,2001/WHQ1,2000/0BST,WH8DAAMNT,W90E2N,W90E2N82890001,1035888107,7117658240,9K,200003667,10/31/18,,ARMY/A82BD,ARMY/A82BD,V9/2019,113003WHST,10/26/18,11/8/18,1,13170,0,,1,
WH8DAAMNT,2001/WHQ1,2000/0BST,WH8DAAMNT,W90E2N,W90E2N83090006,1036294465,7117947402,9K,14396664,11/22/18,engine,ARMY/A82BD,ARMY/A82BD,V9/2019,113003WHST,11/16/18,11/22/18,1,,0,,1,7068.00
WH8DAAMNT,2001/WHQ1,2000/0BST,WH8DAAMNT,W90E2N,W90E2N82910003,1035672537,7117171591,9G,15251688,10/27/18,,ARMY/A82BD,ARMY/A82BD,V9/2019,113005WENG,10/26/18,10/31/18,1,2679,0,,1,
WH8DAAMNT,2001/WHQ1,2000/0BST,WH8DAAMNT,W90E2N,W90E2N82910003,1035672537,7117171591,9G,15251688,10/31/18,,ARMY/A82BD,ARMY/A82BD,V9/2019,113005WENG,10/26/18,10/31/18,1,-2679,0,,1,
WH8DAAMNT,2001/WHQ1,2000/0BST,WH8DAAMNT,W90E2N,W90E2N82910003,1035672537,7117171591,9G,15251688,10/31/18,,ARMY/A82BD,ARMY/A82BD,V9/2019,113005WENG,10/26/18,12/3/18,1,2679,0,,1,
WH8DAAMNT,2001/WHQ1,2000/0BST,WH8DAAMNT,W90E2N,W90E2N82910003,1035672537,7117171591,9G,15251688,12/3/18,,ARMY/A82BD,ARMY/A82BC,V9/2019,113063WHST,10/26/18,12/4/18,1,2679,0,,1,
WH8DAAMNT,2001/WHQ1,2000/0BST,WH8DAAMNT,W90E2N,W90E2N82910003,1035672537,7117171591,9G,15251688,12/3/18,,ARMY/A82BD,ARMY/A82BD,V9/2019,113005WENG,10/26/18,12/3/18,1,-2679,0,,1,
WH8DAAMNT,2001/WHQ1,2000/0BST,WH8DAAMNT,W90E2N,W90E2N91980006,1046189233,7120840024,9O,16219540,8/20/19,fire extinguisher,ARMY/A82BD,ARMY/A82BD,V9/2019,113003WHST,8/12/19,8/20/19,1,,0,,1,5724.00
WH8DAAMNT,2001/WHQ1,2000/0BST,WH8DAAMNT,W90E2N,W90E2N82970005,1035726904,7117764705,9Z,15289282,10/27/18,,ARMY/A82BD,ARMY/A82BD,V9/2019,111087W25D,10/26/18,10/31/18,1,10356,0,,1,
WH8DAAMNT,2001/WHQ1,2000/0BST,WH8DAAMNT,W90E2N,W90E2N82970005,1035726904,7117764705,9Z,15289282,10/31/18,,ARMY/A82BD,ARMY/A82BD,V9/2019,111087W25D,10/26/18,10/31/18,1,-10356,0,,1,
WH8DAAMNT,2001/WHQ1,2000/0BST,WH8DAAMNT,W90E2N,W90E2N82970005,1035726904,7117764705,9Z,15289282,10/31/18,,ARMY/A82BD,ARMY/A82BD,V9/2019,111087W25D,10/26/18,12/3/18,1,10356,0,,1,
WH8DAAMNT,2001/WHQ1,2000/0BST,WH8DAAMNT,W90E2N,W90E2N82970005,1035726904,7117764705,9Z,15289282,12/3/18,,ARMY/A82BD,ARMY/A82BC,V9/2019,113063WHST,10/26/18,12/4/18,1,10356,0,,1,
WH8DAAMNT,2001/WHQ1,2000/0BST,WH8DAAMNT,W90E2N,W90E2N82970005,1035726904,7117764705,9Z,15289282,12/3/18,,ARMY/A82BD,ARMY/A82BD,V9/2019,111087W25D,10/26/18,12/3/18,1,-10356,0,,1,
WH8DAAMNT,2001/WHQ1,2000/0BST,WH8DAAMNT,W90E2N,W90E2N82830001,1034900899,7117580713,9K,200003667,11/8/18,wheel and tire assembly,ARMY/A82BD,ARMY/A82BD,V9/2019,113003WHST,10/26/18,11/8/18,1,,0,,1,5268.00
WH8DAAMNT,2001/WHQ1,2000/0BST,WH8DAAMNT,W90E2N,W90E2N82970007,1036126331,7117796819,9Z,15330140,10/27/18,,ARMY/A82BD,ARMY/A82BD,V9/2019,111087W25D,10/26/18,10/31/18,1,228876,0,,1,
WH8DAAMNT,2001/WHQ1,2000/0BST,WH8DAAMNT,W90E2N,W90E2N82970007,1036126331,7117796819,9Z,15330140,10/31/18,,ARMY/A82BD,ARMY/A82BD,V9/2019,111087W25D,10/26/18,10/31/18,1,-228876,0,,1,
WH8DAAMNT,2001/WHQ1,2000/0BST,WH8DAAMNT,W90E2N,W90E2N82970007,1036126331,7117796819,9Z,15330140,10/31/18,,ARMY/A82BD,ARMY/A82BD,V9/2019,111087W25D,10/26/18,12/3/18,1,228876,0,,1,
WH8DAAMNT,2001/WHQ1,2000/0BST,WH8DAAMNT,W90E2N,W90E2N82970007,1036126331,7117796819,9Z,15330140,12/3/18,,ARMY/A82BD,ARMY/A82BC,V9/2019,113063WHST,10/26/18,12/4/18,1,228876,0,,1,
WH8DAAMNT,2001/WHQ1,2000/0BST,WH8DAAMNT,W90E2N,W90E2N82970007,1036126331,7117796819,9Z,15330140,12/3/18,,ARMY/A82BD,ARMY/A82BD,V9/2019,111087W25D,10/26/18,12/3/18,1,-228876,0,,1,
WH8DAAMNT,2001/WHQ1,2000/0BST,WH8DAAMNT,W90E2N,W90E2N90160005,1039119582,7118745816,9K,200003667,3/12/19,wheel and tire assembly,ARMY/A82BD,ARMY/A82BD,V9/2019,113003WHST,1/17/19,3/12/19,1,,0,,1,5268.00
WH8DAAMNT,2001/WHQ1,2000/0BST,WH8DAAMNT,W90E2N,W90E2N82980002,1035690252,7117738370,9Z,15559347,10/27/18,,ARMY/A82BD,ARMY/A82BD,V9/2019,113003WHST,10/26/18,10/31/18,1,7386,0,,1,
WH8DAAMNT,2001/WHQ1,2000/0BST,WH8DAAMNT,W90E2N,W90E2N82980002,1035690252,7117738370,9Z,15559347,10/31/18,,ARMY/A82BD,ARMY/A82BD,V9/2019,113003WHST,10/26/18,10/31/18,1,-7386,0,,1,
WH8DAAMNT,2001/WHQ1,2000/0BST,WH8DAAMNT,W90E2N,W90E2N82980002,1035690252,7117738370,9Z,15559347,10/31/18,,ARMY/A82BD,ARMY/A82BD,V9/2019,113003WHST,10/26/18,11/8/18,1,7386,0,,1,
WH8DAAMNT,2001/WHQ1,2000/0BST,WH8DAAMNT,W90E2N,W90E2N62570003,1010112064,7108464905,9M,251509259,1/12/17,ammunition holder,ARMY/A82BD,ARMY/A82BD,V9/2017,113003WEAD,9/15/16,1/12/17,1,3952,0,,1,3952.00
WH8DAAMNT,2001/WHQ1,2000/0BST,WH8DAAMNT,W90E2N,W90E2N82980004,1034959885,7117519526,9Z,15559347,10/27/18,,ARMY/A82BD,ARMY/A82BD,V9/2019,113003WHST,10/26/18,10/31/18,1,7386,0,,1,
WH8DAAMNT,2001/WHQ1,2000/0BST,WH8DAAMNT,W90E2N,W90E2N82980004,1034959885,7117519526,9Z,15559347,10/31/18,,ARMY/A82BD,ARMY/A82BD,V9/2019,113003WHST,10/26/18,10/31/18,1,-7386,0,,1,
WH8DAAMNT,2001/WHQ1,2000/0BST,WH8DAAMNT,W90E2N,W90E2N82980004,1034959885,7117519526,9Z,15559347,10/31/18,,ARMY/A82BD,ARMY/A82BD,V9/2019,113003WHST,10/26/18,11/8/18,1,7386,0,,1,
WH8DAAMNT,2001/WHQ1,2000/0BST,WH8DAAMNT,W90E2N,W90E2N91620005,1043774849,7120838593,9O,15419889,6/18/19,manifold assembly hydraulic,ARMY/A82BD,ARMY/A82BD,V9/2019,113003WHST,6/14/19,6/18/19,1,,0,,1,3314.00
WH8DAAMNT,2001/WHQ1,2000/0BST,WH8DAAMNT,W90E2N,W90E2N82990001,1032079227,7117796799,9O,14945639,10/28/18,,ARMY/A82BD,ARMY/A82BD,V9/2019,113003WHST,10/27/18,11/1/18,1,1629,0,,1,
WH8DAAMNT,2001/WHQ1,2000/0BST,WH8DAAMNT,W90E2N,W90E2N82990001,1032079227,7117796799,9O,14945639,11/1/18,,ARMY/A82BD,ARMY/A82BD,V9/2019,113003WHST,10/27/18,11/1/18,1,-1629,0,,1,
WH8DAAMNT,2001/WHQ1,2000/0BST,WH8DAAMNT,W90E2N,W90E2N82990002,1032706543,7117787588,9O,14945639,10/28/18,,ARMY/A82BD,ARMY/A82BD,V9/2019,113003WHST,10/27/18,11/1/18,1,1629,0,,1,
WH8DAAMNT,2001/WHQ1,2000/0BST,WH8DAAMNT,W90E2N,W90E2N82990002,1032706543,7117787588,9O,14945639,11/1/18,,ARMY/A82BD,ARMY/A82BD,V9/2019,113003WHST,10/27/18,11/1/18,1,-1629,0,,1,
WH8DAAMNT,2001/WHQ1,2000/0BST,WH8DAAMNT,W90E2N,W90E2N83050001,1036665140,7117891824,9M,14973105,11/7/18,,ARMY/A82BD,ARMY/A82BD,V9/2019,111087W25D,11/6/18,11/9/18,1,1167,0,,1,
WH8DAAMNT,2001/WHQ1,2000/0BST,WH8DAAMNT,W90E2N,W90E2N83050001,1036665140,7117891824,9M,14973105,11/9/18,,ARMY/A82BD,ARMY/A82BD,V9/2019,111087W25D,11/6/18,11/9/18,1,-1167,0,,1,
WH8DAAMNT,2001/WHQ1,2000/0BST,WH8DAAMNT,W90E2N,W90E2N83050001,1036665140,7117891824,9M,14973105,11/9/18,,ARMY/A82BD,ARMY/A82BD,V9/2019,111087W25D,11/6/18,12/3/18,1,1167,0,,1,
WH8DAAMNT,2001/WHQ1,2000/0BST,WH8DAAMNT,W90E2N,W90E2N83050001,1036665140,7117891824,9M,14973105,12/3/18,,ARMY/A82BD,ARMY/A82BD,V9/2019,111087W25D,11/6/18,12/3/18,1,-1167,0,,1,
WH8DAAMNT,2001/WHQ1,2000/0BST,WH8DAAMNT,W90E2N,W90E2N83050001,1036665140,7117891824,9M,14973105,12/3/18,,ARMY/A82BD,ARMY/A82BD,V9/2019,113019WHST,11/6/18,12/4/18,1,1167,0,,1,
WH8DAAMNT,2001/WHQ1,2000/0BST,WH8DAAMNT,W90E2N,W90E2N92070004,1046955526,7121448511,9O,219217180,8/22/19,sensor assembly,ARMY/A82BD,ARMY/A82BD,V9/2019,113003WHST,8/14/19,8/22/19,1,,0,,1,3069.00
WH8DAAMNT,2001/WHQ1,2000/0BST,WH8DAAMNT,W90E2N,W90E2N83050002,1036665360,7117907818,9M,14973105,11/7/18,,ARMY/A82BD,ARMY/A82BD,V9/2019,111087W25D,11/6/18,11/9/18,1,1167,0,,1,
WH8DAAMNT,2001/WHQ1,2000/0BST,WH8DAAMNT,W90E2N,W90E2N83050002,1036665360,7117907818,9M,14973105,11/9/18,,ARMY/A82BD,ARMY/A82BD,V9/2019,111087W25D,11/6/18,11/9/18,1,-1167,0,,1,
WH8DAAMNT,2001/WHQ1,2000/0BST,WH8DAAMNT,W90E2N,W90E2N83050002,1036665360,7117907818,9M,14973105,11/9/18,,ARMY/A82BD,ARMY/A82BD,V9/2019,111087W25D,11/6/18,12/3/18,1,1167,0,,1,
WH8DAAMNT,2001/WHQ1,2000/0BST,WH8DAAMNT,W90E2N,W90E2N83050002,1036665360,7117907818,9M,14973105,12/3/18,,ARMY/A82BD,ARMY/A82BD,V9/2019,111087W25D,11/6/18,12/3/18,1,-1167,0,,1,
WH8DAAMNT,2001/WHQ1,2000/0BST,WH8DAAMNT,W90E2N,W90E2N83050002,1036665360,7117907818,9M,14973105,12/3/18,,ARMY/A82BD,ARMY/A82BD,V9/2019,113019WHST,11/6/18,12/4/18,1,1167,0,,1,
WH8DAAMNT,2001/WHQ1,2000/0BST,WH8DAAMNT,W90E2N,W90E2N92210003,1047315262,7121343062,9O,219217178,8/28/19,sensor assembly,ARMY/A82BD,ARMY/A82BD,V9/2019,113003WHST,8/22/19,8/28/19,1,,0,,1,3038.00
WH8DAAMNT,2001/WHQ1,2000/0BST,WH8DAAMNT,W90E2N,W90E2N83050003,1036666071,7117874203,9M,14973105,11/7/18,,ARMY/A82BD,ARMY/A82BD,V9/2019,111087W25D,11/6/18,11/9/18,1,1167,0,,1,
WH8DAAMNT,2001/WHQ1,2000/0BST,WH8DAAMNT,W90E2N,W90E2N83050003,1036666071,7117874203,9M,14973105,11/9/18,,ARMY/A82BD,ARMY/A82BD,V9/2019,111087W25D,11/6/18,11/9/18,1,-1167,0,,1,
WH8DAAMNT,2001/WHQ1,2000/0BST,WH8DAAMNT,W90E2N,W90E2N83050003,1036666071,7117874203,9M,14973105,11/9/18,,ARMY/A82BD,ARMY/A82BD,V9/2019,111087W25D,11/6/18,12/3/18,1,1167,0,,1,
WH8DAAMNT,2001/WHQ1,2000/0BST,WH8DAAMNT,W90E2N,W90E2N83050003,1036666071,7117874203,9M,14973105,12/3/18,,ARMY/A82BD,ARMY/A82BD,V9/2019,111087W25D,11/6/18,12/3/18,1,-1167,0,,1,
WH8DAAMNT,2001/WHQ1,2000/0BST,WH8DAAMNT,W90E2N,W90E2N83050003,1036666071,7117874203,9M,14973105,12/3/18,,ARMY/A82BD,ARMY/A82BD,V9/2019,113019WHST,11/6/18,12/4/18,1,1167,0,,1,
WH8DAAMNT,2001/WHQ1,2000/0BST,WH8DAAMNT,W90E2N,W90E2N80530007,1023734049,7113585749,9K,200003667,3/15/18,wheel and tire assembly,ARMY/A82BD,ARMY/A82BD,V9/2018,113003WEAD,3/7/18,3/15/18,1,,0,,1,3025.00
WH8DAAMNT,2001/WHQ1,2000/0BST,WH8DAAMNT,W90E2N,W90E2N83050004,1036667632,7117894502,9M,14973105,11/7/18,,ARMY/A82BD,ARMY/A82BD,V9/2019,111087W25D,11/6/18,11/9/18,1,1167,0,,1,
WH8DAAMNT,2001/WHQ1,2000/0BST,WH8DAAMNT,W90E2N,W90E2N83050004,1036667632,7117894502,9M,14973105,11/9/18,,ARMY/A82BD,ARMY/A82BD,V9/2019,111087W25D,11/6/18,11/9/18,1,-1167,0,,1,
WH8DAAMNT,2001/WHQ1,2000/0BST,WH8DAAMNT,W90E2N,W90E2N83050004,1036667632,7117894502,9M,14973105,11/9/18,,ARMY/A82BD,ARMY/A82BD,V9/2019,111087W25D,11/6/18,12/3/18,1,1167,0,,1,
WH8DAAMNT,2001/WHQ1,2000/0BST,WH8DAAMNT,W90E2N,W90E2N83050004,1036667632,7117894502,9M,14973105,12/3/18,,ARMY/A82BD,ARMY/A82BD,V9/2019,111087W25D,11/6/18,12/3/18,1,-1167,0,,1,
WH8DAAMNT,2001/WHQ1,2000/0BST,WH8DAAMNT,W90E2N,W90E2N83050004,1036667632,7117894502,9M,14973105,12/3/18,,ARMY/A82BD,ARMY/A82BD,V9/2019,113019WHST,11/6/18,12/4/18,1,1167,0,,1,
WH8DAAMNT,2001/WHQ1,2000/0BST,WH8DAAMNT,W90E2N,W90E2N80870001,1026843378,7114411885,9K,200003667,5/5/18,wheel and tire assembly,ARMY/A82BD,ARMY/A82BD,V9/2018,113003WEAD,4/26/18,5/5/18,1,,0,,1,3025.00
WH8DAAMNT,2001/WHQ1,2000/0BST,WH8DAAMNT,W90E2N,W90E2N83050005,1036800099,7117800669,9O,14932886,2/26/19,,ARMY/A82BD,ARMY/A82BD,V9/2019,113003WHST,2/26/19,2/28/19,1,343,0,,1,
WH8DAAMNT,2001/WHQ1,2000/0BST,WH8DAAMNT,W90E2N,W90E2N83050005,1036800099,7117800669,9O,14932886,2/28/19,,ARMY/A82BD,ARMY/A82BD,V9/2019,113003WHST,2/26/19,2/28/19,1,-343,0,,1,
WH8DAAMNT,2001/WHQ1,2000/0BST,WH8DAAMNT,W90E2N,W90E2N83050005,1036800099,7117800669,9O,14932886,2/28/19,,ARMY/A82BD,ARMY/A82BD,V9/2019,113003WHST,2/26/19,3/9/19,1,343,0,,1,
WH8DAAMNT,2001/WHQ1,2000/0BST,WH8DAAMNT,W90E2N,W90E2N71740001,1010988123,7111784395,9K,200003667,7/8/17,wheel and tire assembly,ARMY/A82BD,ARMY/A82BD,V9/2017,113003WEAD,6/23/17,7/8/17,1,,0,,1,2847.00
WH8DAAMNT,2001/WHQ1,2000/0BST,WH8DAAMNT,W90E2N,W90E2N83090002,1036846748,7117636907,9D,200003730,11/7/18,,ARMY/A82BD,ARMY/A82BD,V9/2019,113003WHST,11/6/18,11/9/18,1,88.46,0,,1,
WH8DAAMNT,2001/WHQ1,2000/0BST,WH8DAAMNT,W90E2N,W90E2N83090002,1036846748,7117636907,9D,200003730,11/9/18,,ARMY/A82BD,ARMY/A82BD,V9/2019,113003WHST,11/6/18,11/9/18,1,-88.46,0,,1,
WH8DAAMNT,2001/WHQ1,2000/0BST,WH8DAAMNT,W90E2N,W90E2N83090002,1036846748,7117636907,9D,200003730,11/9/18,,ARMY/A82BD,ARMY/A82BD,V9/2019,113003WHST,11/6/18,11/10/18,1,88.46,0,,1,
WH8DAAMNT,2001/WHQ1,2000/0BST,WH8DAAMNT,W90E2N,W90E2N82280010,1030576818,7116473472,9O,15984055,8/23/18,cover assembly special,ARMY/A82BD,ARMY/A82BD,V9/2018,113003WEAD,8/16/18,8/23/18,1,,0,,1,2836.00
WH8DAAMNT,2001/WHQ1,2000/0BST,WH8DAAMNT,W90E2N,W90E2N83090006,1036294465,7117947402,9K,14396664,11/17/18,,ARMY/A82BD,ARMY/A82BD,V9/2019,113003WHST,11/16/18,11/18/18,1,1714,0,,1,
WH8DAAMNT,2001/WHQ1,2000/0BST,WH8DAAMNT,W90E2N,W90E2N83090006,1036294465,7117947402,9K,14396664,11/18/18,,ARMY/A82BD,ARMY/A82BD,V9/2019,113003WHST,11/16/18,11/18/18,1,-1714,0,,1,
WH8DAAMNT,2001/WHQ1,2000/0BST,WH8DAAMNT,W90E2N,W90E2N83090006,1036294465,7117947402,9K,14396664,11/18/18,,ARMY/A82BD,ARMY/A82BD,V9/2019,113003WHST,11/16/18,11/22/18,1,7068,0,,1,
WH8DAAMNT,2001/WHQ1,2000/0BST,WH8DAAMNT,W90E2N,W90E2N92940001,1050073240,7122190109,9O,219217180,10/29/19,sensor assembly,ARMY/A82BD,ARMY/A82BD,V9/2020,113003WHST,10/22/19,10/29/19,1,,0,,1,2713.00
WH8DAAMNT,2001/WHQ1,2000/0BST,WH8DAAMNT,W90E2N,W90E2N83100006,1035671279,7117941657,9Z,15289281,11/7/18,,ARMY/A82BD,ARMY/A82BD,V9/2019,111087W25D,11/6/18,11/9/18,1,12527,0,,1,
WH8DAAMNT,2001/WHQ1,2000/0BST,WH8DAAMNT,W90E2N,W90E2N83100006,1035671279,7117941657,9Z,15289281,11/9/18,,ARMY/A82BD,ARMY/A82BD,V9/2019,111087W25D,11/6/18,11/9/18,1,-12527,0,,1,
WH8DAAMNT,2001/WHQ1,2000/0BST,WH8DAAMNT,W90E2N,W90E2N83100006,1035671279,7117941657,9Z,15289281,11/9/18,,ARMY/A82BD,ARMY/A82BD,V9/2019,111087W25D,11/6/18,12/3/18,1,12527,0,,1,
WH8DAAMNT,2001/WHQ1,2000/0BST,WH8DAAMNT,W90E2N,W90E2N83100006,1035671279,7117941657,9Z,15289281,12/3/18,,ARMY/A82BD,ARMY/A82BC,V9/2019,113063WHST,11/6/18,12/4/18,1,12527,0,,1,
WH8DAAMNT,2001/WHQ1,2000/0BST,WH8DAAMNT,W90E2N,W90E2N83100006,1035671279,7117941657,9Z,15289281,12/3/18,,ARMY/A82BD,ARMY/A82BD,V9/2019,111087W25D,11/6/18,12/3/18,1,-12527,0,,1,
WH8DAAMNT,2001/WHQ1,2000/0BST,WH8DAAMNT,W90E2N,W90E2N93250001,1051217447,7122806854,9K,200003667,12/11/19,wheel and tire assembly,ARMY/A82BD,ARMY/A82BD,V9/2020,113003WHST,11/27/19,12/11/19,1,,0,,1,2702.00
WH8DAAMNT,2001/WHQ1,2000/0BST,WH8DAAMNT,W90E2N,W90E2N83240001,1037523129,7118121588,9Z,15289281,12/18/18,,ARMY/A82BD,ARMY/A82BD,V9/2019,113003WHST,12/17/18,12/19/18,1,12527,0,,1,
WH8DAAMNT,2001/WHQ1,2000/0BST,WH8DAAMNT,W90E2N,W90E2N83240001,1037523129,7118121588,9Z,15289281,12/19/18,,ARMY/A82BD,ARMY/A82BD,V9/2019,113003WHST,12/17/18,12/19/18,1,-12527,0,,1,
WH8DAAMNT,2001/WHQ1,2000/0BST,WH8DAAMNT,W90E2N,W90E2N83240001,1037523129,7118121588,9Z,15289281,12/19/18,,ARMY/A82BD,ARMY/A82BD,V9/2019,113003WHST,12/17/18,1/3/19,1,12527,0,,1,
WH8DAAMNT,2001/WHQ1,2000/0BST,WH8DAAMNT,W90E2N,W90E2N93250002,1051428985,7122947910,9K,200003667,12/11/19,,ARMY/A82BD,ARMY/A82BD,V9/2020,113003WHST,11/27/19,12/11/19,1,,0,,1,2702.00
WH8DAAMNT,2001/WHQ1,2000/0BST,WH8DAAMNT,W90E2N,W90E2N83510002,1037699461,7118355312,9O,15097450,2/15/19,,ARMY/A82BD,ARMY/A82BD,V9/2019,113003WHST,2/14/19,2/16/19,1,441,0,,1,
WH8DAAMNT,2001/WHQ1,2000/0BST,WH8DAAMNT,W90E2N,W90E2N83510002,1037699461,7118355312,9O,15097450,2/16/19,,ARMY/A82BD,ARMY/A82BD,V9/2019,113003WHST,2/14/19,2/16/19,1,-441,0,,1,
WH8DAAMNT,2001/WHQ1,2000/0BST,WH8DAAMNT,W90E2N,W90E2N83510002,1037699461,7118355312,9O,15097450,2/16/19,,ARMY/A82BD,ARMY/A82BD,V9/2019,113003WHST,2/14/19,2/22/19,1,441,0,,1,
WH8DAAMNT,2001/WHQ1,2000/0BST,WH8DAAMNT,W90E2N,W90E2N82910003,1035672537,7117171591,9G,15251688,12/4/18,,ARMY/A82BD,ARMY/A82BC,V9/2019,113063WHST,10/26/18,12/4/18,1,,0,,1,2679.00
WH8DAAMNT,2001/WHQ1,2000/0BST,WH8DAAMNT,W90E2N,W90E2N83510004,1037855134,7118453296,9Z,15365637,12/20/18,,ARMY/A82BD,ARMY/A82BD,V9/2019,113003WHST,12/19/18,12/21/18,1,2605,0,,1,
WH8DAAMNT,2001/WHQ1,2000/0BST,WH8DAAMNT,W90E2N,W90E2N83510004,1037855134,7118453296,9Z,15365637,12/21/18,,ARMY/A82BD,ARMY/A82BD,V9/2019,113003WHST,12/19/18,12/21/18,1,-2605,0,,1,
WH8DAAMNT,2001/WHQ1,2000/0BST,WH8DAAMNT,W90E2N,W90E2N83510004,1037855134,7118453296,9Z,15365637,12/21/18,,ARMY/A82BD,ARMY/A82BD,V9/2019,113003WHST,12/19/18,12/22/18,1,2605,0,,1,
WH8DAAMNT,2001/WHQ1,2000/0BST,WH8DAAMNT,W90E2N,W90E2N91840005,1045020860,7121114341,9G,15251688,7/16/19,,ARMY/A82BD,ARMY/A82BD,V9/2019,113003WHST,7/9/19,7/16/19,1,,0,,1,2679.00
WH8DAAMNT,2001/WHQ1,2000/0BST,WH8DAAMNT,W90E2N,W90E2N83510008,1037857190,7118451500,9Z,15289281,12/20/18,,ARMY/A82BD,ARMY/A82BD,V9/2019,113003WHST,12/19/18,12/21/18,1,12527,0,,1,
WH8DAAMNT,2001/WHQ1,2000/0BST,WH8DAAMNT,W90E2N,W90E2N83510008,1037857190,7118451500,9Z,15289281,12/21/18,,ARMY/A82BD,ARMY/A82BD,V9/2019,113003WHST,12/19/18,12/21/18,1,-12527,0,,1,
WH8DAAMNT,2001/WHQ1,2000/0BST,WH8DAAMNT,W90E2N,W90E2N83510008,1037857190,7118451500,9Z,15289281,12/21/18,,ARMY/A82BD,ARMY/A82BD,V9/2019,113003WHST,12/19/18,12/22/18,1,12527,0,,1,
WH8DAAMNT,2001/WHQ1,2000/0BST,WH8DAAMNT,W90E2N,W90E2N93100001,1050809101,7122814900,9O,219217178,11/15/19,,ARMY/A82BD,ARMY/A82BD,V9/2020,113003WHST,11/6/19,11/15/19,1,,0,,1,2644.00
WH8DAAMNT,2001/WHQ1,2000/0BST,WH8DAAMNT,W90E2N,W90E2N83520003,1038346386,7118201945,9O,200013985,12/20/18,,ARMY/A82BD,ARMY/A82BD,V9/2019,113003WHST,12/19/18,12/21/18,1,20447,0,,1,
WH8DAAMNT,2001/WHQ1,2000/0BST,WH8DAAMNT,W90E2N,W90E2N83520003,1038346386,7118201945,9O,200013985,12/21/18,,ARMY/A82BD,ARMY/A82BD,V9/2019,113003WHST,12/19/18,12/21/18,1,-20447,0,,1,
WH8DAAMNT,2001/WHQ1,2000/0BST,WH8DAAMNT,W90E2N,W90E2N83520003,1038346386,7118201945,9O,200013985,12/21/18,,ARMY/A82BD,ARMY/A82BD,V9/2019,113003WHST,12/19/18,12/22/18,1,20447,0,,1,
WH8DAAMNT,2001/WHQ1,2000/0BST,WH8DAAMNT,W90E2N,W90E2N82830002,1034898820,7117598256,9K,200003667,11/8/18,,ARMY/A82BD,ARMY/A82BD,V9/2019,113003WHST,10/26/18,11/8/18,1,,0,,1,2634.00
WH8DAAMNT,2001/WHQ1,2000/0BST,WH8DAAMNT,W90E2N,W90E2N83520005,1038053525,7118201946,9Z,15330140,12/20/18,,ARMY/A82BD,ARMY/A82BD,V9/2019,113003WHST,12/19/18,12/21/18,1,228876,0,,1,
WH8DAAMNT,2001/WHQ1,2000/0BST,WH8DAAMNT,W90E2N,W90E2N83520005,1038053525,7118201946,9Z,15330140,12/21/18,,ARMY/A82BD,ARMY/A82BD,V9/2019,113003WHST,12/19/18,12/21/18,1,-228876,0,,1,
WH8DAAMNT,2001/WHQ1,2000/0BST,WH8DAAMNT,W90E2N,W90E2N83520005,1038053525,7118201946,9Z,15330140,12/21/18,,ARMY/A82BD,ARMY/A82BD,V9/2019,113003WHST,12/19/18,12/22/18,1,228876,0,,1,
WH8DAAMNT,2001/WHQ1,2000/0BST,WH8DAAMNT,W90E2N,W90E2N90160006,1039123347,7118708772,9K,200003667,3/12/19,,ARMY/A82BD,ARMY/A82BD,V9/2019,113003WHST,1/17/19,3/12/19,1,,0,,1,2634.00
WH8DAAMNT,2001/WHQ1,2000/0BST,WH8DAAMNT,W90E2N,W90E2N83540002,1037975077,7118486397,9Z,15289281,12/21/18,,ARMY/A82BD,ARMY/A82BD,V9/2019,113003WHST,12/20/18,12/26/18,1,12527,0,,1,
WH8DAAMNT,2001/WHQ1,2000/0BST,WH8DAAMNT,W90E2N,W90E2N83540002,1037975077,7118486397,9Z,15289281,12/26/18,,ARMY/A82BD,ARMY/A82BD,V9/2019,113003WHST,12/20/18,12/26/18,1,-12527,0,,1,
WH8DAAMNT,2001/WHQ1,2000/0BST,WH8DAAMNT,W90E2N,W90E2N83540002,1037975077,7118486397,9Z,15289281,12/26/18,,ARMY/A82BD,ARMY/A82BD,V9/2019,113003WHST,12/20/18,12/28/18,1,12527,0,,1,
WH8DAAMNT,2001/WHQ1,2000/0BST,WH8DAAMNT,W90E2N,W90E2N83510004,1037855134,7118453296,9Z,15365637,12/22/18,,ARMY/A82BD,ARMY/A82BD,V9/2019,113003WHST,12/19/18,12/22/18,1,,0,,1,2605.00
WH8DAAMNT,2001/WHQ1,2000/0BST,WH8DAAMNT,W90E2N,W90E2N90150001,1038854822,7118723767,9Z,15330140,1/17/19,,ARMY/A82BD,ARMY/A82BD,V9/2019,111087W25D,1/16/19,1/19/19,1,228876,0,,1,
WH8DAAMNT,2001/WHQ1,2000/0BST,WH8DAAMNT,W90E2N,W90E2N90150001,1038854822,7118723767,9Z,15330140,1/19/19,,ARMY/A82BD,ARMY/A82BD,V9/2019,111087W25D,1/16/19,1/19/19,1,-228876,0,,1,
WH8DAAMNT,2001/WHQ1,2000/0BST,WH8DAAMNT,W90E2N,W90E2N90150001,1038854822,7118723767,9Z,15330140,1/19/19,,ARMY/A82BD,ARMY/A82BD,V9/2019,111087W25D,1/16/19,2/6/19,1,228876,0,,1,
WH8DAAMNT,2001/WHQ1,2000/0BST,WH8DAAMNT,W90E2N,W90E2N90150001,1038854822,7118723767,9Z,15330140,2/6/19,,ARMY/A82BD,ARMY/A82BD,V9/2019,111087W25D,1/16/19,2/6/19,1,-228876,0,,1,
WH8DAAMNT,2001/WHQ1,2000/0BST,WH8DAAMNT,W90E2N,W90E2N92340003,1047061364,7121828916,9G,15542707,8/28/19,,ARMY/A82BD,ARMY/A82BD,V9/2019,113003WHST,8/22/19,8/28/19,1,,0,,1,2241.00
WH8DAAMNT,2001/WHQ1,2000/0BST,WH8DAAMNT,W90E2N,W90E2N90150002,1038524674,7118718823,9Z,15540754,1/17/19,,ARMY/A82BD,ARMY/A82BD,V9/2019,113003WHST,1/16/19,1/19/19,1,39669,0,,1,
WH8DAAMNT,2001/WHQ1,2000/0BST,WH8DAAMNT,W90E2N,W90E2N90150002,1038524674,7118718823,9Z,15540754,1/19/19,,ARMY/A82BD,ARMY/A82BD,V9/2019,113003WHST,1/16/19,1/19/19,1,-39669,0,,1,
WH8DAAMNT,2001/WHQ1,2000/0BST,WH8DAAMNT,W90E2N,W90E2N90150002,1038524674,7118718823,9Z,15540754,1/19/19,,ARMY/A82BD,ARMY/A82BD,V9/2019,113003WHST,1/16/19,1/24/19,1,39669,0,,1,
WH8DAAMNT,2001/WHQ1,2000/0BST,WH8DAAMNT,W90E2N,W90E2N73060001,1021552017,7112531854,9O,15419993,11/14/17,,ARMY/A82BD,ARMY/A82BD,V9/2018,113003WEAD,11/4/17,11/14/17,1,,0,,1,2202.00
WH8DAAMNT,2001/WHQ1,2000/0BST,WH8DAAMNT,W90E2N,W90E2N90160001,1038477958,7118381981,9M,15826735,1/17/19,,ARMY/A82BD,ARMY/A82BD,V9/2019,113003WHST,1/17/19,1/19/19,1,17680,0,,1,
WH8DAAMNT,2001/WHQ1,2000/0BST,WH8DAAMNT,W90E2N,W90E2N90160001,1038477958,7118381981,9M,15826735,1/19/19,,ARMY/A82BD,ARMY/A82BD,V9/2019,113003WHST,1/17/19,1/19/19,1,-17680,0,,1,
WH8DAAMNT,2001/WHQ1,2000/0BST,WH8DAAMNT,W90E2N,W90E2N90160001,1038477958,7118381981,9M,15826735,1/19/19,,ARMY/A82BD,ARMY/A82BD,V9/2019,113003WHST,1/17/19,1/24/19,1,17680,0,,1,
WH8DAAMNT,2001/WHQ1,2000/0BST,WH8DAAMNT,W90E2N,W90E2N62570001,1009607875,7108425869,9K,200003667,1/12/17,,ARMY/A82BD,ARMY/A82BD,V9/2017,113003WEAD,9/16/16,1/12/17,1,2073,0,,1,2073.00
WH8DAAMNT,2001/WHQ1,2000/0BST,WH8DAAMNT,W90E2N,W90E2N90160002,1038536547,7118712578,9O,15732154,1/17/19,,ARMY/A82BD,ARMY/A82BD,V9/2019,113003WHST,1/17/19,1/19/19,1,16142,0,,1,
WH8DAAMNT,2001/WHQ1,2000/0BST,WH8DAAMNT,W90E2N,W90E2N90160002,1038536547,7118712578,9O,15732154,1/19/19,,ARMY/A82BD,ARMY/A82BD,V9/2019,113003WHST,1/17/19,1/19/19,1,-16142,0,,1,
WH8DAAMNT,2001/WHQ1,2000/0BST,WH8DAAMNT,W90E2N,W90E2N90160002,1038536547,7118712578,9O,15732154,1/19/19,,ARMY/A82BD,ARMY/A82BD,V9/2019,113003WHST,1/17/19,1/24/19,1,16142,0,,1,
WH8DAAMNT,2001/WHQ1,2000/0BST,WH8DAAMNT,W90E2N,W90E2N62570002,1009697292,7108344663,9K,200003667,1/12/17,,ARMY/A82BD,ARMY/A82BD,V9/2017,113003WEAD,9/16/16,1/12/17,1,2073,0,,1,2073.00
WH8DAAMNT,2001/WHQ1,2000/0BST,WH8DAAMNT,W90E2N,W90E2N90160004,1038522717,7118745815,9Z,15289282,1/17/19,,ARMY/A82BD,ARMY/A82BD,V9/2019,113003WHST,1/16/19,1/19/19,1,10356,0,,1,
WH8DAAMNT,2001/WHQ1,2000/0BST,WH8DAAMNT,W90E2N,W90E2N90160004,1038522717,7118745815,9Z,15289282,1/19/19,,ARMY/A82BD,ARMY/A82BD,V9/2019,113003WHST,1/16/19,1/19/19,1,-10356,0,,1,
WH8DAAMNT,2001/WHQ1,2000/0BST,WH8DAAMNT,W90E2N,W90E2N90160004,1038522717,7118745815,9Z,15289282,1/19/19,,ARMY/A82BD,ARMY/A82BD,V9/2019,113003WHST,1/16/19,1/24/19,1,10356,0,,1,
WH8DAAMNT,2001/WHQ1,2000/0BST,WH8DAAMNT,W90E2N,W90E2N73060002,1021396007,7113316855,9M,251504628,11/14/17,,ARMY/A82BD,ARMY/A82BD,V9/2018,113003WEAD,11/4/17,11/14/17,1,,0,,1,1537.00
WH8DAAMNT,2001/WHQ1,2000/0BST,WH8DAAMNT,W90E2N,W90E2N90160005,1039119582,7118745816,9K,200003667,1/18/19,,ARMY/A82BD,ARMY/A82BD,V9/2019,113003WHST,1/17/19,3/9/19,1,5268,0,,1,
WH8DAAMNT,2001/WHQ1,2000/0BST,WH8DAAMNT,W90E2N,W90E2N90160005,1039119582,7118745816,9K,200003667,3/9/19,,ARMY/A82BD,ARMY/A82BD,V9/2019,113003WHST,1/17/19,3/9/19,1,-5268,0,,1,
WH8DAAMNT,2001/WHQ1,2000/0BST,WH8DAAMNT,W90E2N,W90E2N90160005,1039119582,7118745816,9K,200003667,3/9/19,,ARMY/A82BD,ARMY/A82BD,V9/2019,113003WHST,1/17/19,3/12/19,1,5268,0,,1,
WH8DAAMNT,2001/WHQ1,2000/0BST,WH8DAAMNT,W90E2N,W90E2N62290003,1009256969,7107990757,9K,14890850,1/12/17,,ARMY/A82BD,ARMY/A82BD,V9/2017,113003WEAD,9/16/16,1/12/17,1,1210,0,,1,1210.00
WH8DAAMNT,2001/WHQ1,2000/0BST,WH8DAAMNT,W90E2N,W90E2N90160006,1039123347,7118708772,9K,200003667,1/18/19,,ARMY/A82BD,ARMY/A82BD,V9/2019,113003WHST,1/17/19,3/9/19,1,2634,0,,1,
WH8DAAMNT,2001/WHQ1,2000/0BST,WH8DAAMNT,W90E2N,W90E2N90160006,1039123347,7118708772,9K,200003667,3/9/19,,ARMY/A82BD,ARMY/A82BD,V9/2019,113003WHST,1/17/19,3/9/19,1,-2634,0,,1,
WH8DAAMNT,2001/WHQ1,2000/0BST,WH8DAAMNT,W90E2N,W90E2N90160006,1039123347,7118708772,9K,200003667,3/9/19,,ARMY/A82BD,ARMY/A82BD,V9/2019,113003WHST,1/17/19,3/12/19,1,2634,0,,1,
WH8DAAMNT,2001/WHQ1,2000/0BST,WH8DAAMNT,W90E2N,W90E2N83050001,1036665140,7117891824,9M,14973105,12/4/18,,ARMY/A82BD,ARMY/A82BD,V9/2019,113019WHST,11/6/18,12/4/18,1,,0,,1,1167.00
WH8DAAMNT,2001/WHQ1,2000/0BST,WH8DAAMNT,W90E2N,W90E2N90160008,1038628046,7118725761,9Z,15289282,1/17/19,,ARMY/A82BD,ARMY/A82BD,V9/2019,113003WHST,1/17/19,1/19/19,1,10356,0,,1,
WH8DAAMNT,2001/WHQ1,2000/0BST,WH8DAAMNT,W90E2N,W90E2N90160008,1038628046,7118725761,9Z,15289282,1/19/19,,ARMY/A82BD,ARMY/A82BD,V9/2019,113003WHST,1/17/19,1/19/19,1,-10356,0,,1,
WH8DAAMNT,2001/WHQ1,2000/0BST,WH8DAAMNT,W90E2N,W90E2N90160008,1038628046,7118725761,9Z,15289282,1/19/19,,ARMY/A82BD,ARMY/A82BD,V9/2019,113003WHST,1/17/19,1/24/19,1,10356,0,,1,
WH8DAAMNT,2001/WHQ1,2000/0BST,WH8DAAMNT,W90E2N,W90E2N83050002,1036665360,7117907818,9M,14973105,12/4/18,,ARMY/A82BD,ARMY/A82BD,V9/2019,113019WHST,11/6/18,12/4/18,1,,0,,1,1167.00
WH8DAAMNT,2001/WHQ1,2000/0BST,WH8DAAMNT,W90E2N,W90E2N90160010,1038534128,7118742737,9M,15468571,1/17/19,,ARMY/A82BD,ARMY/A82BD,V9/2019,113003WHST,1/17/19,1/19/19,1,12101,0,,1,
WH8DAAMNT,2001/WHQ1,2000/0BST,WH8DAAMNT,W90E2N,W90E2N90160010,1038534128,7118742737,9M,15468571,1/19/19,,ARMY/A82BD,ARMY/A82BD,V9/2019,113003WHST,1/17/19,1/19/19,1,-12101,0,,1,
WH8DAAMNT,2001/WHQ1,2000/0BST,WH8DAAMNT,W90E2N,W90E2N90160010,1038534128,7118742737,9M,15468571,1/19/19,,ARMY/A82BD,ARMY/A82BD,V9/2019,113003WHST,1/17/19,1/24/19,1,12101,0,,1,
WH8DAAMNT,2001/WHQ1,2000/0BST,WH8DAAMNT,W90E2N,W90E2N83050003,1036666071,7117874203,9M,14973105,12/4/18,,ARMY/A82BD,ARMY/A82BD,V9/2019,113019WHST,11/6/18,12/4/18,1,,0,,1,1167.00
WH8DAAMNT,2001/WHQ1,2000/0BST,WH8DAAMNT,W90E2N,W90E2N90440016,1039924752,7119151039,9Z,15289282,2/15/19,,ARMY/A82BD,ARMY/A82BD,V9/2019,113003WHST,2/14/19,2/16/19,1,10356,0,,1,
WH8DAAMNT,2001/WHQ1,2000/0BST,WH8DAAMNT,W90E2N,W90E2N90440016,1039924752,7119151039,9Z,15289282,2/16/19,,ARMY/A82BD,ARMY/A82BD,V9/2019,113003WHST,2/14/19,2/16/19,1,-10356,0,,1,
WH8DAAMNT,2001/WHQ1,2000/0BST,WH8DAAMNT,W90E2N,W90E2N90440016,1039924752,7119151039,9Z,15289282,2/16/19,,ARMY/A82BD,ARMY/A82BD,V9/2019,113003WHST,2/14/19,2/22/19,1,10356,0,,1,
WH8DAAMNT,2001/WHQ1,2000/0BST,WH8DAAMNT,W90E2N,W90E2N83050004,1036667632,7117894502,9M,14973105,12/4/18,,ARMY/A82BD,ARMY/A82BD,V9/2019,113019WHST,11/6/18,12/4/18,1,,0,,1,1167.00
WH8DAAMNT,2001/WHQ1,2000/0BST,WH8DAAMNT,W90E2N,W90E2N90560002,1040724639,7119243240,9Z,123266355,3/6/19,,ARMY/A82BD,ARMY/A82BD,V9/2019,113003WHST,3/5/19,3/8/19,1,13546,0,,1,
WH8DAAMNT,2001/WHQ1,2000/0BST,WH8DAAMNT,W90E2N,W90E2N90560002,1040724639,7119243240,9Z,123266355,3/8/19,,ARMY/A82BD,ARMY/A82BD,V9/2019,113003WHST,3/5/19,3/8/19,1,-13546,0,,1,
WH8DAAMNT,2001/WHQ1,2000/0BST,WH8DAAMNT,W90E2N,W90E2N90560002,1040724639,7119243240,9Z,123266355,3/8/19,,ARMY/A82BD,ARMY/A82BD,V9/2019,113003WHST,3/5/19,3/9/19,1,13546,0,,1,
WH8DAAMNT,2001/WHQ1,2000/0BST,WH8DAAMNT,W90E2N,W90E2N72290001,1020165420,7112414918,9K,15592715,8/22/17,,ARMY/A82BD,ARMY/A82BD,V9/2017,113003WEAD,8/17/17,8/22/17,1,,0,,1,1017.00
WH8DAAMNT,2001/WHQ1,2000/0BST,WH8DAAMNT,W90E2N,W90E2N90570007,1041081851,7119085602,9K,219134729,3/6/19,,ARMY/A82BD,ARMY/A82BD,V9/2019,113003WHST,3/5/19,3/8/19,1,54.37,0,,1,
WH8DAAMNT,2001/WHQ1,2000/0BST,WH8DAAMNT,W90E2N,W90E2N90570007,1041081851,7119085602,9K,219134729,3/8/19,,ARMY/A82BD,ARMY/A82BD,V9/2019,113003WHST,3/5/19,3/8/19,1,-54.37,0,,1,
WH8DAAMNT,2001/WHQ1,2000/0BST,WH8DAAMNT,W90E2N,W90E2N90570007,1041081851,7119085602,9K,219134729,3/8/19,,ARMY/A82BD,ARMY/A82BD,V9/2019,113003WHST,3/5/19,3/9/19,1,54.37,0,,1,
WH8DAAMNT,2001/WHQ1,2000/0BST,WH8DAAMNT,W90E2N,W90E2N70590004,1013956586,7110118925,9K,200003667,3/14/17,,ARMY/A82BD,ARMY/A82BD,V9/2017,113019WMPB,3/8/17,3/14/17,1,,0,,1,949.00
WH8DAAMNT,2001/WHQ1,2000/0BST,WH8DAAMNT,W90E2N,W90E2N91140003,1041890199,7120170319,9K,14617078,4/26/19,,ARMY/A82BD,ARMY/A82BD,V9/2019,113003WHST,4/25/19,4/28/19,1,7208,0,,1,
WH8DAAMNT,2001/WHQ1,2000/0BST,WH8DAAMNT,W90E2N,W90E2N91140003,1041890199,7120170319,9K,14617078,4/28/19,,ARMY/A82BD,ARMY/A82BD,V9/2019,113003WHST,4/25/19,4/28/19,1,-7208,0,,1,
WH8DAAMNT,2001/WHQ1,2000/0BST,WH8DAAMNT,W90E2N,W90E2N91140003,1041890199,7120170319,9K,14617078,4/28/19,,ARMY/A82BD,ARMY/A82BD,V9/2019,113003WHST,4/25/19,5/7/19,1,7208,0,,1,
WH8DAAMNT,2001/WHQ1,2000/0BST,WH8DAAMNT,W90E2N,W90E2N71740002,1011056492,7111784396,9K,200003667,7/8/17,,ARMY/A82BD,ARMY/A82BD,V9/2017,113003WEAD,6/23/17,7/8/17,1,,0,,1,949.00
WH8DAAMNT,2001/WHQ1,2000/0BST,WH8DAAMNT,W90E2N,W90E2N91140004,1042780679,7119915019,9O,15732154,4/27/19,,ARMY/A82BD,ARMY/A82BD,V9/2019,113003WHST,4/26/19,4/28/19,1,16142,0,,1,
WH8DAAMNT,2001/WHQ1,2000/0BST,WH8DAAMNT,W90E2N,W90E2N91140004,1042780679,7119915019,9O,15732154,4/28/19,,ARMY/A82BD,ARMY/A82BD,V9/2019,113003WHST,4/26/19,4/28/19,1,-16142,0,,1,
WH8DAAMNT,2001/WHQ1,2000/0BST,WH8DAAMNT,W90E2N,W90E2N91140004,1042780679,7119915019,9O,15732154,4/28/19,,ARMY/A82BD,ARMY/A82BD,V9/2019,113003WHST,4/26/19,5/7/19,1,16142,0,,1,
WH8DAAMNT,2001/WHQ1,2000/0BST,WH8DAAMNT,W90E2N,W90E2N63100002,1011310772,7109189095,9M,14973105,12/8/16,,ARMY/A82BD,ARMY/A82BD,V9/2017,113019WMPB,11/30/16,12/8/16,1,,0,,1,940.00
WH8DAAMNT,2001/WHQ1,2000/0BST,WH8DAAMNT,W90E2N,W90E2N91150007,1042669314,7120211602,9K,15427405,4/27/19,,ARMY/A82BD,ARMY/A82BD,V9/2019,113003WHST,4/26/19,4/28/19,1,816,0,,1,
WH8DAAMNT,2001/WHQ1,2000/0BST,WH8DAAMNT,W90E2N,W90E2N91150007,1042669314,7120211602,9K,15427405,4/28/19,,ARMY/A82BD,ARMY/A82BD,V9/2019,113003WHST,4/26/19,4/28/19,1,-816,0,,1,
WH8DAAMNT,2001/WHQ1,2000/0BST,WH8DAAMNT,W90E2N,W90E2N91150007,1042669314,7120211602,9K,15427405,4/28/19,,ARMY/A82BD,ARMY/A82BD,V9/2019,113003WHST,4/26/19,5/7/19,1,816,0,,1,
WH8DAAMNT,2001/WHQ1,2000/0BST,WH8DAAMNT,W90E2N,W90E2N71860002,1017839650,7111496226,9O,15789318,8/22/17,,ARMY/A82BD,ARMY/A82BD,V9/2017,113003WEAD,8/17/17,8/22/17,1,,0,,1,909.00
WH8DAAMNT,2001/WHQ1,2000/0BST,WH8DAAMNT,W90E2N,W90E2N91150010,1043103717,7120212816,9K,15004619,4/27/19,,ARMY/A82BD,ARMY/A82BD,V9/2019,113003WHST,4/26/19,4/28/19,1,290,0,,1,
WH8DAAMNT,2001/WHQ1,2000/0BST,WH8DAAMNT,W90E2N,W90E2N91150010,1043103717,7120212816,9K,15004619,4/28/19,,ARMY/A82BD,ARMY/A82BD,V9/2019,113003WHST,4/26/19,4/28/19,1,-290,0,,1,
WH8DAAMNT,2001/WHQ1,2000/0BST,WH8DAAMNT,W90E2N,W90E2N91150010,1043103717,7120212816,9K,15004619,4/28/19,,ARMY/A82BD,ARMY/A82BD,V9/2019,113003WHST,4/26/19,5/7/19,1,290,0,,1,
WH8DAAMNT,2001/WHQ1,2000/0BST,WH8DAAMNT,W90E2N,W90E2N71910003,1015939988,7111943379,9O,15419993,7/15/17,,ARMY/A82BD,ARMY/A82BD,V9/2017,113003WEAD,7/11/17,7/15/17,1,,0,,1,886.00
WH8DAAMNT,2001/WHQ1,2000/0BST,WH8DAAMNT,W90E2N,W90E2N92040017,1046428428,7121378269,9K,15592715,8/9/19,,ARMY/A82BD,ARMY/A82BD,V9/2019,113003WHST,7/26/19,8/9/19,1,,0,,1,836.00
WH8DAAMNT,2001/WHQ1,2000/0BST,WH8DAAMNT,W90E2N,W90E2N91620005,1043774849,7120838593,9O,15419889,6/15/19,,ARMY/A82BD,ARMY/A82BD,V9/2019,113003WHST,6/14/19,6/16/19,1,3314,0,,1,
WH8DAAMNT,2001/WHQ1,2000/0BST,WH8DAAMNT,W90E2N,W90E2N91620005,1043774849,7120838593,9O,15419889,6/16/19,,ARMY/A82BD,ARMY/A82BD,V9/2019,113003WHST,6/14/19,6/16/19,1,-3314,0,,1,
WH8DAAMNT,2001/WHQ1,2000/0BST,WH8DAAMNT,W90E2N,W90E2N91620005,1043774849,7120838593,9O,15419889,6/16/19,,ARMY/A82BD,ARMY/A82BD,V9/2019,113003WHST,6/14/19,6/18/19,1,3314,0,,1,
WH8DAAMNT,2001/WHQ1,2000/0BST,WH8DAAMNT,W90E2N,W90E2N91150007,1042669314,7120211602,9K,15427405,5/7/19,,ARMY/A82BD,ARMY/A82BD,V9/2019,113003WHST,4/26/19,5/7/19,1,,0,,1,816.00
WH8DAAMNT,2001/WHQ1,2000/0BST,WH8DAAMNT,W90E2N,W90E2N82410002,1033572721,7116896769,9O,15789318,9/8/18,,ARMY/A82BD,ARMY/A82BD,V9/2018,113003WEAD,8/31/18,9/8/18,1,,0,,1,591.00
WH8DAAMNT,2001/WHQ1,2000/0BST,WH8DAAMNT,W90E2N,W90E2N91630006,1045399938,7120548805,9O,200066193,6/19/19,,ARMY/A82BD,ARMY/A82BD,V9/2019,113003WHST,6/18/19,6/25/19,1,121755,0,,1,
WH8DAAMNT,2001/WHQ1,2000/0BST,WH8DAAMNT,W90E2N,W90E2N92070001,1046192864,7121423700,9G,13823218,8/14/19,,ARMY/A82BD,ARMY/A82BD,V9/2019,113003WHST,8/6/19,8/14/19,1,,0,,1,524.00
WH8DAAMNT,2001/WHQ1,2000/0BST,WH8DAAMNT,W90E2N,W90E2N91840005,1045020860,7121114341,9G,15251688,7/10/19,,ARMY/A82BD,ARMY/A82BD,V9/2019,113003WHST,7/9/19,7/11/19,1,2679,0,,1,
WH8DAAMNT,2001/WHQ1,2000/0BST,WH8DAAMNT,W90E2N,W90E2N91840005,1045020860,7121114341,9G,15251688,7/11/19,,ARMY/A82BD,ARMY/A82BD,V9/2019,113003WHST,7/9/19,7/11/19,1,-2679,0,,1,
WH8DAAMNT,2001/WHQ1,2000/0BST,WH8DAAMNT,W90E2N,W90E2N91840005,1045020860,7121114341,9G,15251688,7/11/19,,ARMY/A82BD,ARMY/A82BD,V9/2019,113003WHST,7/9/19,7/16/19,1,2679,0,,1,
WH8DAAMNT,2001/WHQ1,2000/0BST,WH8DAAMNT,W90E2N,W90E2N81970002,1029462954,7116287837,9G,15265612,7/27/18,,ARMY/A82BD,ARMY/A82BD,V9/2018,113003WEAD,7/19/18,7/27/18,1,,0,,1,454.00
WH8DAAMNT,2001/WHQ1,2000/0BST,WH8DAAMNT,W90E2N,W90E2N91890002,1045628231,7121005865,9O,123713741,7/17/19,,ARMY/A82BD,ARMY/A82BD,V9/2019,113003WHST,7/16/19,7/18/19,1,27055,0,,1,
WH8DAAMNT,2001/WHQ1,2000/0BST,WH8DAAMNT,W90E2N,W90E2N91890002,1045628231,7121005865,9O,123713741,7/18/19,,ARMY/A82BD,ARMY/A82BD,V9/2019,113003WHST,7/16/19,7/18/19,1,-27055,0,,1,
WH8DAAMNT,2001/WHQ1,2000/0BST,WH8DAAMNT,W90E2N,W90E2N91890002,1045628231,7121005865,9O,123713741,7/18/19,,ARMY/A82BD,ARMY/A82BD,V9/2019,113003WHST,7/16/19,7/23/19,1,27055,0,,1,
WH8DAAMNT,2001/WHQ1,2000/0BST,WH8DAAMNT,W90E2N,W90E2N93520002,1051975653,7123314056,9O,15789318,1/10/20,,ARMY/A82BD,ARMY/A82BD,V9/2020,113003WHST,12/23/19,1/10/20,1,,0,,1,445.00
WH8DAAMNT,2001/WHQ1,2000/0BST,WH8DAAMNT,W90E2N,W90E2N91980006,1046189233,7120840024,9O,16219540,8/13/19,,ARMY/A82BD,ARMY/A82BD,V9/2019,113003WHST,8/12/19,8/15/19,1,1461,0,,1,
WH8DAAMNT,2001/WHQ1,2000/0BST,WH8DAAMNT,W90E2N,W90E2N91980006,1046189233,7120840024,9O,16219540,8/15/19,,ARMY/A82BD,ARMY/A82BD,V9/2019,113003WHST,8/12/19,8/15/19,1,-1461,0,,1,
WH8DAAMNT,2001/WHQ1,2000/0BST,WH8DAAMNT,W90E2N,W90E2N91980006,1046189233,7120840024,9O,16219540,8/15/19,,ARMY/A82BD,ARMY/A82BD,V9/2019,113003WHST,8/12/19,8/20/19,1,5724,0,,1,
WH8DAAMNT,2001/WHQ1,2000/0BST,WH8DAAMNT,W90E2N,W90E2N83510002,1037699461,7118355312,9O,15097450,2/22/19,,ARMY/A82BD,ARMY/A82BD,V9/2019,113003WHST,2/14/19,2/22/19,1,,0,,1,441.00
WH8DAAMNT,2001/WHQ1,2000/0BST,WH8DAAMNT,W90E2N,W90E2N92040017,1046428428,7121378269,9K,15592715,7/27/19,,ARMY/A82BD,ARMY/A82BD,V9/2019,113003WHST,7/26/19,7/28/19,1,836,0,,1,
WH8DAAMNT,2001/WHQ1,2000/0BST,WH8DAAMNT,W90E2N,W90E2N92040017,1046428428,7121378269,9K,15592715,7/28/19,,ARMY/A82BD,ARMY/A82BD,V9/2019,113003WHST,7/26/19,7/28/19,1,-836,0,,1,
WH8DAAMNT,2001/WHQ1,2000/0BST,WH8DAAMNT,W90E2N,W90E2N92040017,1046428428,7121378269,9K,15592715,7/28/19,,ARMY/A82BD,ARMY/A82BD,V9/2019,113003WHST,7/26/19,8/9/19,1,836,0,,1,
WH8DAAMNT,2001/WHQ1,2000/0BST,WH8DAAMNT,W90E2N,W90E2N80870004,1022386847,7114411886,9K,15004619,5/5/18,,ARMY/A82BD,ARMY/A82BD,V9/2018,113003WEAD,4/26/18,5/5/18,1,,0,,1,351.00
WH8DAAMNT,2001/WHQ1,2000/0BST,WH8DAAMNT,W90E2N,W90E2N92070001,1046192864,7121423700,9G,13823218,8/7/19,,ARMY/A82BD,ARMY/A82BD,V9/2019,113003WHST,8/6/19,8/9/19,1,524,0,,1,
WH8DAAMNT,2001/WHQ1,2000/0BST,WH8DAAMNT,W90E2N,W90E2N92070001,1046192864,7121423700,9G,13823218,8/9/19,,ARMY/A82BD,ARMY/A82BD,V9/2019,113003WHST,8/6/19,8/9/19,1,-524,0,,1,
WH8DAAMNT,2001/WHQ1,2000/0BST,WH8DAAMNT,W90E2N,W90E2N92070001,1046192864,7121423700,9G,13823218,8/9/19,,ARMY/A82BD,ARMY/A82BD,V9/2019,113003WHST,8/6/19,8/14/19,1,524,0,,1,
WH8DAAMNT,2001/WHQ1,2000/0BST,WH8DAAMNT,W90E2N,W90E2N83050005,1036800099,7117800669,9O,14932886,3/9/19,,ARMY/A82BD,ARMY/A82BD,V9/2019,113003WHST,2/26/19,3/9/19,1,,0,,1,343.00
WH8DAAMNT,2001/WHQ1,2000/0BST,WH8DAAMNT,W90E2N,W90E2N92070004,1046955526,7121448511,9O,219217180,8/15/19,,ARMY/A82BD,ARMY/A82BD,V9/2019,113003WHST,8/14/19,8/16/19,1,3069,0,,1,
WH8DAAMNT,2001/WHQ1,2000/0BST,WH8DAAMNT,W90E2N,W90E2N92070004,1046955526,7121448511,9O,219217180,8/16/19,,ARMY/A82BD,ARMY/A82BD,V9/2019,113003WHST,8/14/19,8/16/19,1,-3069,0,,1,
WH8DAAMNT,2001/WHQ1,2000/0BST,WH8DAAMNT,W90E2N,W90E2N92070004,1046955526,7121448511,9O,219217180,8/16/19,,ARMY/A82BD,ARMY/A82BD,V9/2019,113003WHST,8/14/19,8/22/19,1,3069,0,,1,
WH8DAAMNT,2001/WHQ1,2000/0BST,WH8DAAMNT,W90E2N,W90E2N91150010,1043103717,7120212816,9K,15004619,5/7/19,,ARMY/A82BD,ARMY/A82BD,V9/2019,113003WHST,4/26/19,5/7/19,1,,0,,1,290.00
WH8DAAMNT,2001/WHQ1,2000/0BST,WH8DAAMNT,W90E2N,W90E2N92210003,1047315262,7121343062,9O,219217178,8/23/19,,ARMY/A82BD,ARMY/A82BD,V9/2019,113003WHST,8/22/19,8/25/19,1,3038,0,,1,
WH8DAAMNT,2001/WHQ1,2000/0BST,WH8DAAMNT,W90E2N,W90E2N92210003,1047315262,7121343062,9O,219217178,8/25/19,,ARMY/A82BD,ARMY/A82BD,V9/2019,113003WHST,8/22/19,8/25/19,1,-3038,0,,1,
WH8DAAMNT,2001/WHQ1,2000/0BST,WH8DAAMNT,W90E2N,W90E2N92210003,1047315262,7121343062,9O,219217178,8/25/19,,ARMY/A82BD,ARMY/A82BD,V9/2019,113003WHST,8/22/19,8/28/19,1,3038,0,,1,
WH8DAAMNT,2001/WHQ1,2000/0BST,WH8DAAMNT,W90E2N,W90E2N93080001,1050355360,7122791556,9O,14929432,11/13/19,,ARMY/A82BD,ARMY/A82BD,V9/2020,113003WHST,11/5/19,11/13/19,1,,0,,1,279.00
WH8DAAMNT,2001/WHQ1,2000/0BST,WH8DAAMNT,W90E2N,W90E2N92340003,1047061364,7121828916,9G,15542707,8/23/19,,ARMY/A82BD,ARMY/A82BD,V9/2019,113003WHST,8/22/19,8/25/19,1,3072,0,,1,
WH8DAAMNT,2001/WHQ1,2000/0BST,WH8DAAMNT,W90E2N,W90E2N92340003,1047061364,7121828916,9G,15542707,8/25/19,,ARMY/A82BD,ARMY/A82BD,V9/2019,113003WHST,8/22/19,8/25/19,1,-3072,0,,1,
WH8DAAMNT,2001/WHQ1,2000/0BST,WH8DAAMNT,W90E2N,W90E2N92340003,1047061364,7121828916,9G,15542707,8/25/19,,ARMY/A82BD,ARMY/A82BD,V9/2019,113003WHST,8/22/19,8/28/19,1,2241,0,,1,
WH8DAAMNT,2001/WHQ1,2000/0BST,WH8DAAMNT,W90E2N,W90E2N80530005,1023276812,7114419741,9B,11931870,3/15/18,,ARMY/A82BD,ARMY/A82BD,V9/2018,113003WEAD,3/7/18,3/15/18,1,,0,,1,197.00
WH8DAAMNT,2001/WHQ1,2000/0BST,WH8DAAMNT,W90E2N,W90E2N92940001,1050073240,7122190109,9O,219217180,10/23/19,,ARMY/A82BD,ARMY/A82BD,V9/2020,113003WHST,10/22/19,10/24/19,1,2713,0,,1,
WH8DAAMNT,2001/WHQ1,2000/0BST,WH8DAAMNT,W90E2N,W90E2N92940001,1050073240,7122190109,9O,219217180,10/24/19,,ARMY/A82BD,ARMY/A82BD,V9/2020,113003WHST,10/22/19,10/24/19,1,-2713,0,,1,
WH8DAAMNT,2001/WHQ1,2000/0BST,WH8DAAMNT,W90E2N,W90E2N92940001,1050073240,7122190109,9O,219217180,10/24/19,,ARMY/A82BD,ARMY/A82BD,V9/2020,113003WHST,10/22/19,10/29/19,1,2713,0,,1,
WH8DAAMNT,2001/WHQ1,2000/0BST,WH8DAAMNT,W90E2N,W90E2N80530003,1023278124,7114265914,9K,11931869,4/26/18,,ARMY/A82BD,ARMY/A82BD,V9/2018,113003WEAD,4/20/18,4/26/18,1,,0,,1,192.00
WH8DAAMNT,2001/WHQ1,2000/0BST,WH8DAAMNT,W90E2N,W90E2N92960002,1050261795,7122523490,9O,16007361,10/30/19,,ARMY/A82BD,ARMY/A82BD,V9/2020,113003WHST,10/29/19,10/31/19,1,31587,0,,1,
WH8DAAMNT,2001/WHQ1,2000/0BST,WH8DAAMNT,W90E2N,W90E2N92960002,1050261795,7122523490,9O,16007361,10/31/19,,ARMY/A82BD,ARMY/A82BD,V9/2020,113003WHST,10/29/19,10/31/19,1,-31587,0,,1,
WH8DAAMNT,2001/WHQ1,2000/0BST,WH8DAAMNT,W90E2N,W90E2N92960002,1050261795,7122523490,9O,16007361,10/31/19,,ARMY/A82BD,ARMY/A82BD,V9/2020,113003WHST,10/29/19,11/8/19,1,31587,0,,1,
WH8DAAMNT,2001/WHQ1,2000/0BST,WH8DAAMNT,W90E2N,W90E2N71910005,1016344816,7111942399,9O,200006890,7/15/17,,ARMY/A82BD,ARMY/A82BD,V9/2017,113003WEAD,7/11/17,7/15/17,1,,0,,1,173.00
WH8DAAMNT,2001/WHQ1,2000/0BST,WH8DAAMNT,W90E2N,W90E2N93080001,1050355360,7122791556,9O,14929432,11/6/19,,ARMY/A82BD,ARMY/A82BD,V9/2020,113003WHST,11/5/19,11/7/19,1,279,0,,1,
WH8DAAMNT,2001/WHQ1,2000/0BST,WH8DAAMNT,W90E2N,W90E2N93080001,1050355360,7122791556,9O,14929432,11/7/19,,ARMY/A82BD,ARMY/A82BD,V9/2020,113003WHST,11/5/19,11/7/19,1,-279,0,,1,
WH8DAAMNT,2001/WHQ1,2000/0BST,WH8DAAMNT,W90E2N,W90E2N93080001,1050355360,7122791556,9O,14929432,11/7/19,,ARMY/A82BD,ARMY/A82BD,V9/2020,113003WHST,11/5/19,11/13/19,1,279,0,,1,
WH8DAAMNT,2001/WHQ1,2000/0BST,WH8DAAMNT,W90E2N,W90E2N91430004,1044413929,7120611077,9K,16337271,7/15/19,,ARMY/A82BD,ARMY/A82BD,V9/2019,113019WHST,6/6/19,7/15/19,1,163,0,,1,163.00
WH8DAAMNT,2001/WHQ1,2000/0BST,WH8DAAMNT,W90E2N,W90E2N93100001,1050809101,7122814900,9O,219217178,11/7/19,,ARMY/A82BD,ARMY/A82BD,V9/2020,113003WHST,11/6/19,11/9/19,1,2644,0,,1,
WH8DAAMNT,2001/WHQ1,2000/0BST,WH8DAAMNT,W90E2N,W90E2N93100001,1050809101,7122814900,9O,219217178,11/9/19,,ARMY/A82BD,ARMY/A82BD,V9/2020,113003WHST,11/6/19,11/9/19,1,-2644,0,,1,
WH8DAAMNT,2001/WHQ1,2000/0BST,WH8DAAMNT,W90E2N,W90E2N93100001,1050809101,7122814900,9O,219217178,11/9/19,,ARMY/A82BD,ARMY/A82BD,V9/2020,113003WHST,11/6/19,11/15/19,1,2644,0,,1,
WH8DAAMNT,2001/WHQ1,2000/0BST,WH8DAAMNT,W90E2N,W90E2N62580001,1009604633,7108450956,9G,13823222,1/12/17,,ARMY/A82BD,ARMY/A82BD,V9/2017,113003WEAD,9/15/16,1/12/17,1,151,0,,1,151.00
WH8DAAMNT,2001/WHQ1,2000/0BST,WH8DAAMNT,W90E2N,W90E2N93180006,1050788957,7122898439,9K,200003667,11/20/19,,ARMY/A82BD,ARMY/A82BD,V9/2020,113003WHST,11/19/19,11/21/19,1,10808,0,,1,
WH8DAAMNT,2001/WHQ1,2000/0BST,WH8DAAMNT,W90E2N,W90E2N93180006,1050788957,7122898439,9K,200003667,11/21/19,,ARMY/A82BD,ARMY/A82BD,V9/2020,113003WHST,11/19/19,11/21/19,1,-10808,0,,1,
WH8DAAMNT,2001/WHQ1,2000/0BST,WH8DAAMNT,W90E2N,W90E2N93180006,1050788957,7122898439,9K,200003667,11/21/19,,ARMY/A82BD,ARMY/A82BD,V9/2020,113003WHST,11/19/19,12/10/19,1,10808,0,,1,
WH8DAAMNT,2001/WHQ1,2000/0BST,WH8DAAMNT,W90E2N,W90E2N62590008,1009633904,7108443907,9G,13823222,1/12/17,,ARMY/A82BD,ARMY/A82BD,V9/2017,113003WEAD,9/15/16,1/12/17,1,151,0,,1,151.00
WH8DAAMNT,2001/WHQ1,2000/0BST,WH8DAAMNT,W90E2N,W90E2N93250001,1051217447,7122806854,9K,200003667,11/28/19,,ARMY/A82BD,ARMY/A82BD,V9/2020,113003WHST,11/27/19,11/30/19,1,2702,0,,1,
WH8DAAMNT,2001/WHQ1,2000/0BST,WH8DAAMNT,W90E2N,W90E2N93250001,1051217447,7122806854,9K,200003667,11/30/19,,ARMY/A82BD,ARMY/A82BD,V9/2020,113003WHST,11/27/19,11/30/19,1,-2702,0,,1,
WH8DAAMNT,2001/WHQ1,2000/0BST,WH8DAAMNT,W90E2N,W90E2N93250001,1051217447,7122806854,9K,200003667,11/30/19,,ARMY/A82BD,ARMY/A82BD,V9/2020,113003WHST,11/27/19,12/11/19,1,2702,0,,1,
WH8DAAMNT,2001/WHQ1,2000/0BST,WH8DAAMNT,W90E2N,W90E2N83090002,1036846748,7117636907,9D,200003730,11/10/18,,ARMY/A82BD,ARMY/A82BD,V9/2019,113003WHST,11/6/18,11/10/18,1,,0,,1,88.00
WH8DAAMNT,2001/WHQ1,2000/0BST,WH8DAAMNT,W90E2N,W90E2N93250002,1051428985,7122947910,9K,200003667,11/28/19,,ARMY/A82BD,ARMY/A82BD,V9/2020,113003WHST,11/27/19,11/30/19,1,2702,0,,1,
WH8DAAMNT,2001/WHQ1,2000/0BST,WH8DAAMNT,W90E2N,W90E2N93250002,1051428985,7122947910,9K,200003667,11/30/19,,ARMY/A82BD,ARMY/A82BD,V9/2020,113003WHST,11/27/19,11/30/19,1,-2702,0,,1,
WH8DAAMNT,2001/WHQ1,2000/0BST,WH8DAAMNT,W90E2N,W90E2N93250002,1051428985,7122947910,9K,200003667,11/30/19,,ARMY/A82BD,ARMY/A82BD,V9/2020,113003WHST,11/27/19,12/11/19,1,2702,0,,1,
WH8DAAMNT,2001/WHQ1,2000/0BST,WH8DAAMNT,W90E2N,W90E2N81140008,1028861906,7115063092,9O,991312145,5/5/18,,ARMY/A82BD,ARMY/A82BD,V9/2018,113003WEAD,4/26/18,5/5/18,1,,0,,1,87.00
WH8DAAMNT,2001/WHQ1,2000/0BST,WH8DAAMNT,W90E2N,W90E2N93510002,1051786843,7123159302,9O,16007361,1/4/20,,ARMY/A82BD,ARMY/A82BD,V9/2020,113003WHST,1/3/20,1/5/20,1,31587,0,,1,
WH8DAAMNT,2001/WHQ1,2000/0BST,WH8DAAMNT,W90E2N,W90E2N93510002,1051786843,7123159302,9O,16007361,1/5/20,,ARMY/A82BD,ARMY/A82BD,V9/2020,113003WHST,1/3/20,1/5/20,1,-31587,0,,1,
WH8DAAMNT,2001/WHQ1,2000/0BST,WH8DAAMNT,W90E2N,W90E2N93510002,1051786843,7123159302,9O,16007361,1/5/20,,ARMY/A82BD,ARMY/A82BD,V9/2020,113003WHST,1/3/20,1/14/20,1,31587,0,,1,
WH8DAAMNT,2001/WHQ1,2000/0BST,WH8DAAMNT,W90E2N,W90E2N73070007,1021399823,7112872474,9G,219217124,1/26/18,,ARMY/A82BD,ARMY/A82BD,V9/2018,113003WEAD,11/4/17,1/26/18,1,77.86,0,,1,78.00
WH8DAAMNT,2001/WHQ1,2000/0BST,WH8DAAMNT,W90E2N,W90E2N93520002,1051975653,7123314056,9O,15789318,12/24/19,,ARMY/A82BD,ARMY/A82BD,V9/2020,113003WHST,12/23/19,12/25/19,1,445,0,,1,
WH8DAAMNT,2001/WHQ1,2000/0BST,WH8DAAMNT,W90E2N,W90E2N93520002,1051975653,7123314056,9O,15789318,12/25/19,,ARMY/A82BD,ARMY/A82BD,V9/2020,113003WHST,12/23/19,12/25/19,1,-445,0,,1,
WH8DAAMNT,2001/WHQ1,2000/0BST,WH8DAAMNT,W90E2N,W90E2N93520002,1051975653,7123314056,9O,15789318,12/25/19,,ARMY/A82BD,ARMY/A82BD,V9/2020,113003WHST,12/23/19,1/10/20,1,445,0,,1,
WH8DAAMNT,2001/WHQ1,2000/0BST,WH8DAAMNT,W90E2N,W90E2N91620006,1044022582,7120815932,9G,219217124,7/15/19,,ARMY/A82BD,ARMY/A82BD,V9/2019,113019WHST,6/14/19,7/15/19,1,67.44,0,,1,67.00
WH8DAAMNT,2001/WHQ1,2000/0BST,WH8DAAMNT,W90E2N,W90E2N93520003,1052038364,7122776685,9O,15136214,12/24/19,,ARMY/A82BD,ARMY/A82BD,V9/2020,113003WHST,12/23/19,12/25/19,1,11376,0,,1,
WH8DAAMNT,2001/WHQ1,2000/0BST,WH8DAAMNT,W90E2N,W90E2N93520003,1052038364,7122776685,9O,15136214,12/25/19,,ARMY/A82BD,ARMY/A82BD,V9/2020,113003WHST,12/23/19,12/25/19,1,-11376,0,,1,
WH8DAAMNT,2001/WHQ1,2000/0BST,WH8DAAMNT,W90E2N,W90E2N93520003,1052038364,7122776685,9O,15136214,12/25/19,,ARMY/A82BD,ARMY/A82BD,V9/2020,113003WHST,12/23/19,1/10/20,1,11376,0,,1,
WH8DAAMNT,2001/WHQ1,2000/0BST,WH8DAAMNT,W90E2N,W90E2N90570007,1041081851,7119085602,9K,219134729,3/9/19,,ARMY/A82BD,ARMY/A82BD,V9/2019,113003WHST,3/5/19,3/9/19,1,,0,,1,54.00