FY,Year,WorkCenter,AdminNum,Equipment,Serial,WorkOrder,Type,Priority,ProjectCode,Description,Created on,Release date,Comp Date,Material,Cost
FY17,17,WH8DAA,71-122,1011279723,NBC-0111-11,1000841164,PM01,1,,FRONT LEFT TIRE LEAKING FLUID,10/3/16,,10/7/16,14818579,1785.00
FY17,17,WH8DAA,71-121,1011279686,NBC-0109-11,1000860110,PM01,1,,BRAKE LIGHT INOP,10/12/16,,10/12/16,14818579,0.00
FY17,17,10019890,71-121,1011279686,NBC-0109-11,1000860389,PM01,2,,BAWS INSTAKE MISSING 2 SILVER MODULES,10/12/16,,10/12/16,14818579,0.00
FY17,17,10019890,71-121,1011279686,NBC-0109-11,1000860387,PM01,2,,M88 TUBES BROKEN,10/12/16,,9/13/17,14818579,0.00
FY17,17,WH8DAA,71-111,1011279664,NBC-0108-11,1000860109,PM01,3,,SEAL ON DRIVERS HATCH INOP,10/12/16,,5/3/17,14818579,24.95
FY17,17,WH8DAA,71-121,1011279686,NBC-0109-11,1000860120,PM01,3,,SURVEYOR WORKSTATION LOCKING KNOB M,10/12/16,,7/5/17,14818579,72.10
FY17,17,WH8DAA,71-111,1011279664,NBC-0108-11,1000860107,PM01,3,,HATCH SPRING D/S INOP,10/12/16,,4/24/17,14818579,263.00
FY17,17,WH8DAA,71-111,1011279664,NBC-0108-11,1000861147,PM01,3,,SEAL ON D/S HATCH INOP,10/13/16,,10/13/16,14818579,0.00
FY17,17,10019890,71-121,1011279686,NBC-0109-11,1000861047,PM01,3,,FCU DOES NOT DISPLAY NIGHT MODE,10/13/16,,10/13/16,14818579,0.00
FY17,17,WH8DAA,71-122,1011279723,NBC-0111-11,1000861046,PM01,3,,R/S REAR MARKER LIGHT M,10/13/16,,4/20/17,14818579,43.72
FY17,17,WH8DAA,71-111,1011279664,NBC-0108-11,1000867901,PM01,1,,FCU IN & OUT OF OPERATION,10/14/16,,10/19/16,14818579,0.00
FY17,17,WH8DAA,71-121,1011279686,NBC-0109-11,1000889144,PM01,1,,TIM INOP,10/20/16,,11/2/16,14818579,0.00
FY17,17,WH8DAA,71-121,1011279686,NBC-0109-11,1000921143,PM01,2,,NITROGEN NEEDED FOR MAINTENANCE,11/1/16,,11/1/16,14818579,0.00
FY17,17,WH8DAA,71-111,1011279664,NBC-0108-11,1000933722,PM01,2,,NITROGEN NEEDED FOR MAINTENANCE,11/3/16,,9/7/17,14818579,0.00
FY17,17,WH8DAA,71-121,1011279686,NBC-0109-11,1000933458,PM01,2,,NITROGEN NEEDED FOR MAINTENANCE,11/3/16,,9/13/17,14818579,0.00
FY17,17,WH8DAA,71-112,1011279704,NBC-0110-11,1000933456,PM01,2,,NITROGEN NEEDED FOR MAINTENANCE,11/3/16,,9/13/17,14818579,0.00
FY17,17,WH8DAA,71-122,1011279723,NBC-0111-11,1000933721,PM01,2,,NITROGEN NEEDED FOR MAINTENANCE,11/3/16,,9/13/17,14818579,0.00
FY17,17,WH8DAA,71-111,1011279664,NBC-0108-11,1000933724,PM01,2,,STRYKER CANOPY MISSING,11/3/16,,5/3/17,14818579,9040.19
FY17,17,WH8DAA,71-121,1011279686,NBC-0109-11,1000933459,PM01,2,,STRYKER CANOPY MISSING,11/3/16,,5/3/17,14818579,9040.19
FY17,17,WH8DAA,71-112,1011279704,NBC-0110-11,1000933457,PM01,2,,STRYKER CANOPY MISSING,11/3/16,,5/3/17,14818579,9040.19
FY17,17,WH8DAA,71-122,1011279723,NBC-0111-11,1000933460,PM01,2,,STRYKER CANOPY MISSING,11/3/16,,5/3/17,14818579,9040.19
FY18,18,WH8DAA,71-121,1011279686,NBC-0109-11,1000939529,PM01,2,,RWS TEST KIT,11/6/16,,1/20/18,14818579,0.00
FY17,17,WH8DAA,71-111,1011279664,NBC-0108-11,1001180821,PM01,1,,WORN TIRE L/S #4,1/25/17,,2/9/17,14818579,-2702.00
FY17,17,WH8DAA,71-111,1011279664,NBC-0108-11,1001302971,PM01,2,,DECK LID MISSING HARDWARE,2/24/17,,4/10/17,14818579,0.00
FY17,17,WH8DAA,71-111,1011279664,NBC-0108-11,1001453733,PM01,1,,HYDRAULIC LEAK,3/28/17,,4/4/17,14818579,0.00
FY17,17,WH8DAA,71-111,1011279664,NBC-0108-11,1001487164,PM01,1,,HYDRAULIC LEAK,4/4/17,,6/9/17,14818579,1787.00
FY17,17,WH8DAA,71-121,1011279686,NBC-0109-11,1001514099,PM01,1,,AFES EXTINGUISHERS AT 0 PSI,4/11/17,,7/28/17,14818579,6391.00
FY17,17,WH8DAA,71-112,1011279704,NBC-0110-11,1001514100,PM01,1,,SURVEYOR DOOR BENT,4/11/17,,6/15/17,14818579,30235.71
FY17,17,WH8DAA,71-111,1011279664,NBC-0108-11,1001554649,PM01,2,,DECK LID MISSING HARDWARE,4/17/17,,6/9/17,14818579,24.24
FY17,17,WH8DAA,71-121,1011279686,NBC-0109-11,1001554902,PM01,2,,VC HATCH SPRING BROKEN,4/18/17,,8/24/17,14818579,237.00
FY17,17,WH8DAA,71-122,1011279723,NBC-0111-11,1001554903,PM01,1,,ARMOR PLATES BUBBLED,4/18/17,,5/8/17,14818579,11409.00
FY17,17,WH8DAA,71-111,1011279664,NBC-0108-11,1001567796,PM01,2,,GEAR SELECTOR IS NOT SECURED PROPERLY,4/19/17,,8/16/17,14818579,0.00
FY17,17,WH8DAA,71-122,1011279723,NBC-0111-11,1001573403,PM01,2,,R/S MARKER LIGHT MISSING,4/20/17,,9/12/17,14818579,0.00
FY17,17,WH8DAA,71-111,1011279664,NBC-0108-11,1001585899,PM01,1,,D/S HATCH SPRING INOP,4/24/17,,6/15/17,14818579,263.00
FY17,17,WH8DAA,71-111,1011279664,NBC-0108-11,1001632147,PM01,3,,(M) BUTTON ON AFES,5/3/17,,5/3/17,14818579,0.00
FY17,17,WH8DAA,71-111,1011279664,NBC-0108-11,1001632144,PM01,3,,MISSING GUIDE WALL BUFFER INSIDE AMMO BX,5/3/17,,5/3/17,14818579,0.00
FY17,17,WH8DAA,71-112,1011279704,NBC-0110-11,1001768632,PM01,1,,FOUND COOLANT IN DRAINPLUG,5/31/17,,8/15/17,14818579,0.00
FY17,17,WH8DAA,71-112,1011279704,NBC-0110-11,1001768631,PM01,1,,CLASS I HUB LEAK 2ND TIRE L/S,5/31/17,,8/15/17,14818579,0.00
FY17,17,WH8DAA,71-121,1011279686,NBC-0109-11,1001768623,PM01,1,,CMBS SCREEN FROZEN AT START UP,5/31/17,,8/24/17,14818579,0.00
FY17,17,WH8DAA,71-121,1011279686,NBC-0109-11,1001768630,PM01,1,,DRIVER SEAT BELT SECUIRTY LOCK STICKING,5/31/17,,9/12/17,14818579,0.00
FY17,17,WH8DAA,71-121,1011279686,NBC-0109-11,1001768628,PM01,1,,UDR-13 DOES NOT RECIEVE POWER FROM DOCK,5/31/17,,9/12/17,14818579,0.00
FY17,17,WH8DAA,71-121,1011279686,NBC-0109-11,1001768624,PM01,1,,2ND MIDDLE TIRE TRED LOW ON DRIVER SIDE,5/31/17,,9/12/17,14818579,0.00
FY17,17,WH8DAA,71-121,1011279686,NBC-0109-11,1001768625,PM01,1,,2ND MIDDLE AND REAR TIRE TRED LOW ON R/S,5/31/17,,9/12/17,14818579,0.00
FY17,17,WH8DAA,71-121,1011279686,NBC-0109-11,1001768626,PM01,2,,FBCB2 OPERATING SYSTEM NOT FOUND,5/31/17,,9/12/17,14818579,0.00
FY17,17,WH8DAA,71-121,1011279686,NBC-0109-11,1001768629,PM01,1,,CHEMICAL PROBE HEAD AND MEMBRANE MISSING,5/31/17,,9/12/17,14818579,0.00
FY17,17,WH8DAA,71-122,1011279723,NBC-0111-11,1001768621,PM01,1,,CTIS AIRHOSE LEAKS,5/31/17,,9/12/17,14818579,0.00
FY17,17,WH8DAA,71-122,1011279723,NBC-0111-11,1001768622,PM01,1,,AFES BROKEN SAFETY SEAL,5/31/17,,9/12/17,14818579,0.00
FY18,18,WH8DAA,71-112,1011279704,NBC-0110-11,1001768633,PM01,1,,REAR AIR PSI NOT REACHING MAX,5/31/17,,1/9/18,14818579,286.00
FY17,17,WH8DAA,71-111,1011279664,NBC-0108-11,1001842572,PM01,1,,ALTERNATOR INOP,6/9/17,,6/19/17,14818579,0.00
FY17,17,WH8DAA,71-121,1011279686,NBC-0109-11,1001872712,PM01,1,,ALTERNATOR INOP,6/15/17,,7/28/17,14818579,0.00
FY17,17,WH8DAA,71-111,1011279664,NBC-0108-11,1001952467,PM01,1,,ALTERNATOR OVERCHARGING/W452 CABLE INOP,6/30/17,,7/18/17,14818579,223.00
FY18,18,WH8DAA,71-111,1011279664,NBC-0108-11,1001959635,PM01,1,,LEFT ENGINE COVER SUPPORT SPRING BROKEN,7/5/17,,10/21/17,14818579,44.78
FY18,18,WH8DAA,71-112,1011279704,NBC-0110-11,1001959637,PM01,1,,R/S FIRST TIRE TREAD DEPTH LOW,7/5/17,,2/13/18,14818579,2081.00
FY17,17,WH8DAA,71-122,1011279723,NBC-0111-11,1001959638,PM01,1,,JBPDS NOT SECURE,7/6/17,,9/12/17,14818579,0.00
FY17,17,WH8DAA,71-122,1011279723,NBC-0111-11,1001959639,PM01,1,,REAR BALLISTIC WINDOW INOP,7/6/17,,9/12/17,14818579,0.00
FY17,17,WH8DAA,71-111,1011279664,NBC-0108-11,1002173805,PM01,3,,AMMO BOX MISSING MOUNT SCREW,8/10/17,,9/13/17,14818579,0.00
FY17,17,WH8DAA,71-122,1011279723,NBC-0111-11,1002156999,PM01,2,,LOCKING PIN MISSING ON RWS,8/10/17,,9/13/17,14818579,0.00
FY18,18,WH8DAA,71-111,1011279664,NBC-0108-11,1002186657,PM01,1,,OVERCHARGING,8/14/17,,10/10/17,14818579,496.00
FY17,17,WH8DAA,71-112,1011279704,NBC-0110-11,2001031694,PM02,A,,AFQ-Annual,8/15/17,,8/15/17,14818579,0.00
FY18,18,WH8DAA,71-112,1011279704,NBC-0110-11,1002217059,PM01,1,,EXHAUST FAN SHAFT BENT,8/16/17,,1/23/18,14818579,-743.00
FY17,17,WH8DAA,71-121,1011279686,NBC-0109-11,2001046627,PM02,A,,AFQ-Annual,8/18/17,,8/23/17,14818579,0.00
FY17,17,WH8DAA,71-121,1011279686,NBC-0109-11,1002236404,PM01,1,,HMS DOES NOT FUNCTION PROPERLY,8/21/17,,8/23/17,14818579,0.00
FY17,17,WH8DAA,71-122,1011279723,NBC-0111-11,1002251556,PM01,1,,HMS DOESN'T OPERATE,8/23/17,,9/7/17,14818579,0.00
FY17,17,WH8DAA,71-121,1011279686,NBC-0109-11,1002265302,PM01,3,,DWSS MALFUNCTION,8/24/17,,9/12/17,14818579,0.00
FY18,18,WH8DAA,71-111,1011279664,NBC-0108-11,1002263772,PM01,1,,BARREL CAP (M),8/24/17,,10/21/17,14818579,59.60
FY18,18,WH8DAA,71-122,1011279723,NBC-0111-11,1002335960,PM01,1,,HMS DOES NOT FUNCTION PROPERLY,9/7/17,,10/19/17,14818579,0.00
FY18,18,WH8DAA,71-112,1011279704,NBC-0110-11,1002365377,PM01,1,,RWS COCKING ACTUATOR GRINDING SOUND,9/12/17,,1/3/18,14818579,-733.00
FY18,18,WH8DAA,71-112,1011279704,NBC-0110-11,1002365037,PM01,1,,ENGINE AFES BOOTLE DISCHARGED E-8,9/12/17,,10/2/17,14818579,0.00
FY18,18,WH8DAA,71-112,1011279704,NBC-0110-11,1002365367,PM01,1,,(R) CLAMSHELL DOOR SEAL TORN,9/12/17,,10/10/17,14818579,0.00
FY18,18,WH8DAA,71-112,1011279704,NBC-0110-11,1002365430,PM01,1,,CBMS SERVICE ITEM,9/12/17,,1/25/18,14818579,0.00
FY18,18,WH8DAA,71-112,1011279704,NBC-0110-11,1002365040,PM01,1,,"AFES SEAL MISSING(E-7), (E-8)",9/12/17,,10/10/17,14818579,1.80
FY18,18,WH8DAA,71-112,1011279704,NBC-0110-11,1002365370,PM01,1,,GLOVE PORT SEAL DRYROTTED,9/12/17,,2/8/18,14818579,27.14
FY18,18,WH8DAA,71-112,1011279704,NBC-0110-11,1002365372,PM01,1,,DRIVERS HATCH SEAL TORN,9/12/17,,10/11/17,14818579,27.61
FY18,18,WH8DAA,71-112,1011279704,NBC-0110-11,1002365424,PM01,1,,(M) T-6 LINE IN JBPDS,9/12/17,,10/10/17,14818579,37.05
FY18,18,WH8DAA,71-112,1011279704,NBC-0110-11,1002365436,PM01,1,,JBPDS SERVICE ITEM,9/12/17,,2/8/18,14818579,106.22
FY18,18,WH8DAA,71-112,1011279704,NBC-0110-11,1002365364,PM01,1,,(R) CLAMSHELL HATCH HYDRO CYLINDER BROKE,9/12/17,,10/11/17,14818579,752.28
FY17,17,WH8DAA,71-112,1011279704,NBC-0110-11,1002365435,PM01,1,,CBMS SERVICE ITEM,9/12/17,,9/28/17,14818579,2164.00
FY18,18,WH8DAA,71-112,1011279704,NBC-0110-11,1002365034,PM01,1,,ENGINE AFES BOOTLE DISCHARGED E-7,9/12/17,,10/10/17,14818579,3247.00
FY18,18,WH8DAA,71-111,1011279664,NBC-0108-11,1002365686,PM01,1,,(R) CLAMSHELL DOOR SEAL TORN,9/13/17,,10/19/17,14818579,0.00
FY18,18,WH8DAA,71-122,1011279723,NBC-0111-11,1002365947,PM01,1,,ICA BAWS CLAMP (M),9/13/17,,10/19/17,14818579,0.00
FY18,18,WH8DAA,71-122,1011279723,NBC-0111-11,1002365945,PM01,1,,(R) CLAMSHELL DOOR SEAL TORN,9/13/17,,10/19/17,14818579,0.00
FY18,18,WH8DAA,71-122,1011279723,NBC-0111-11,1002365946,PM01,1,,AFES SAFETY SEAL BROKEN,9/13/17,,10/10/17,14818579,1.80
FY18,18,WH8DAA,71-121,1011279686,NBC-0109-11,1002365941,PM01,1,,DRIVER HATCH SEAL TORN,9/13/17,,10/2/17,14818579,27.61
FY18,18,WH8DAA,71-121,1011279686,NBC-0109-11,1002365944,PM01,1,,JBPDS SERVICE ITEM,9/13/17,,5/2/18,14818579,36.25
FY18,18,WH8DAA,71-111,1011279664,NBC-0108-11,1002365692,PM01,1,,JBPDS SERVICE ITEM,9/13/17,,10/21/17,14818579,106.22
FY18,18,WH8DAA,71-122,1011279723,NBC-0111-11,1002365949,PM01,1,,JBPDS SERVICE ITEM,9/13/17,,6/12/18,14818579,182.69
FY18,18,WH8DAA,71-111,1011279664,NBC-0108-11,1002365689,PM01,1,,ICA BAWS STACK CLAMP (M),9/13/17,,10/12/17,14818579,1020.00
FY18,18,WH8DAA,71-122,1011279723,NBC-0111-11,1002365948,PM01,1,,CBMS SERVICE ITEM,9/13/17,,10/19/17,14818579,1198.00
FY18,18,WH8DAA,71-111,1011279664,NBC-0108-11,1002365691,PM01,1,,CBMS SERVICE ITEM,9/13/17,,10/21/17,14818579,2107.00
FY18,18,WH8DAA,71-121,1011279686,NBC-0109-11,1002365942,PM01,1,,CBMS SERVICE ITEM,9/13/17,,12/12/17,14818579,2107.00
FY18,18,WH8DAA,71-121,1011279686,NBC-0109-11,1002402432,PM01,1,,NEEDS BATTERIES,9/15/17,,10/2/17,14818579,0.00
FY18,18,WH8DAA,71-121,1011279686,NBC-0109-11,1002402429,PM01,1,,TIRES WORN,9/15/17,,12/12/17,14818579,10405.00
FY18,18,WH8DAA,71-112,1011279704,NBC-0110-11,1002485315,PM01,1,,POWER CABLE FOR M88 IN BROKEN,9/28/17,,1/23/18,14818579,585.00
FY18,18,WH8DAA,71-122,1011279723,NBC-0111-11,1002485484,PM01,1,,TONG GRABBER BROKEN,9/28/17,,1/22/18,14818579,1038.00
FY18,18,WH8DAA,71-112,1011279704,NBC-0110-11,1002485303,PM01,1,,UDR-13 IS NOT POWERING IN BOX,9/28/17,,1/23/18,14818579,3217.64
FY18,18,WH8DAA,71-122,1011279723,NBC-0111-11,1002537022,PM01,1,,DAGR POWER CORD TORN,10/10/17,,1/22/18,14818579,108.15
FY18,18,WH8DAA,71-122,1011279723,NBC-0111-11,1002537023,PM01,1,,TONGS BROKEN,10/10/17,,1/22/18,14818579,1038.00
FY18,18,WH8DAA,71-112,1011279704,NBC-0110-11,1002537334,PM01,1,,SERVICE ITEM FOR JBPDS,10/11/17,,5/29/18,14818579,0.00
FY18,18,WH8DAA,71-121,1011279686,NBC-0109-11,1002537337,PM01,1,,SERVICE ITEM FOR JBPDS,10/11/17,,6/12/18,14818579,0.00
FY18,18,WH8DAA,71-122,1011279723,NBC-0111-11,1002537338,PM01,1,,SERVICE ITEM FOR JBPDS,10/11/17,,6/12/18,14818579,0.00
FY20,20,WH8DAA,71-111,1011279664,NBC-0108-11,1002537333,PM01,1,,SERVICE ITEM FOR JBPDS,10/11/17,10/11/17,,14818579,0.00
FY18,18,WH8DAA,71-121,1011279686,NBC-0109-11,1002537586,PM01,1,,AFES E-7 BOOTLE ADAPTER,10/11/17,,1/25/18,14818579,11.25
FY18,18,WH8DAA,71-111,1011279664,NBC-0108-11,1002537582,PM01,1,,GUNNER HATCH SEAL TORN,10/11/17,,10/21/17,14818579,26.46
FY18,18,WH8DAA,71-121,1011279686,NBC-0109-11,1002537584,PM01,1,,GUNNER HATCH SEAL TORN,10/11/17,,1/20/18,14818579,26.46
FY18,18,WH8DAA,71-112,1011279704,NBC-0110-11,1002537583,PM01,1,,GUNNER HATCH SEAL TORN,10/11/17,,2/8/18,14818579,26.46
FY18,18,WH8DAA,71-112,1011279704,NBC-0110-11,1002537587,PM01,1,,GREEN OPERATIONAL LIGHT ON CCOP,10/11/17,,5/29/18,14818579,65.18
FY18,18,WH8DAA,71-112,1011279704,NBC-0110-11,1002537340,PM01,1,,(M) LINE FROM IDENTIFIER TO FTS,10/11/17,,1/23/18,14818579,2244.00
FY18,18,WH8DAA,71-111,1011279664,NBC-0108-11,1002581440,PM01,1,,PACK RELEASE FUEL LINE RUPTURED,10/18/17,,11/9/17,14818579,63.39
FY18,18,WH8DAA,71-122,1011279723,NBC-0111-11,1002593715,PM01,1,,HMS INOP FD SOLENIOD UNSERVICEABLE,10/19/17,,11/9/17,14818579,712.00
FY18,18,WH8DAA,71-122,1011279723,NBC-0111-11,1002608716,PM01,1,,WATER PUMP BELT FRAYED,10/21/17,,11/9/17,14818579,16.89
FY18,18,WH8DAA,71-122,1011279723,NBC-0111-11,1002608715,PM01,1,,CLASS III FROMT CRANKSHAFT SEAL,10/21/17,,11/9/17,14818579,44.19
FY18,18,WH8DAA,71-122,1011279723,NBC-0111-11,2001234715,PM02,A,,AFQ-Annual,10/22/17,,11/22/17,14818579,0.00
FY18,18,WH8DAA,71-111,1011279664,NBC-0108-11,1002684566,PM01,1,,CBMS GIVES ERROR CODES,11/2/17,,6/12/18,14818579,-170112.00
FY18,18,WH8DAA,71-121,1011279686,NBC-0109-11,1002741563,PM01,1,,(M) DAGR POWER CABLE,11/14/17,,12/12/17,14818579,255.54
FY18,18,WH8DAA,71-111,1011279664,NBC-0108-11,1002741642,PM01,1,,(M) DAGR POWER CABLE,11/14/17,,12/27/17,14818579,255.54
FY18,18,WH8DAA,71-112,1011279704,NBC-0110-11,1002741641,PM01,1,,(M) DAGR POWER CABLE,11/14/17,,12/27/17,14818579,255.54
FY18,18,WH8DAA,71-122,1011279723,NBC-0111-11,1002741564,PM01,1,,(M) DAGR POWER CABLE,11/14/17,,12/27/17,14818579,255.54
FY18,18,WH8DAA,71-112,1011279704,NBC-0110-11,1002824676,PM01,1,,R/S FIRST TIRE TREAD DEPTH LOW,11/28/17,,6/12/18,14818579,0.00
FY18,18,WH8DAA,71-111,1011279664,NBC-0108-11,1002916197,PM01,1,,UDR-13 BOX INOP,12/11/17,,6/20/18,14818579,3217.64
FY18,18,WH8DAA,71-122,1011279723,NBC-0111-11,1002916262,PM01,1,,UDR-13 BOX INOP,12/11/17,,8/7/18,14818579,3217.64
FY18,18,WH8DAA,71-121,1011279686,NBC-0109-11,1002916648,PM01,1,,COLLECTER STACK (M) CLAMP,12/12/17,,1/20/18,14818579,1.52
FY18,18,WH8DAA,71-112,1011279704,NBC-0110-11,1002974008,PM01,1,,EXSAUST FAN MOTOR SHAFT BENT,12/22/17,,1/23/18,14818579,0.00
FY18,18,WH8DAA,71-121,1011279686,NBC-0109-11,1002974132,PM01,1,,PIONEER RACK DAMAGE,12/22/17,,1/20/18,14818579,145.45
FY18,18,WH8DAA,71-111,1011279664,NBC-0108-11,1002984625,PM01,1,,HOSE ASSEMBLY,12/28/17,,1/23/18,14818579,151.41
FY18,18,WH8DAA,71-121,1011279686,NBC-0109-11,1002984624,PM01,2,,WIRE ROPE INOP,12/28/17,,6/12/18,14818579,1178.70
FY18,18,WH8DAA,71-111,1011279664,NBC-0108-11,1002986721,PM01,1,,STRIKER HYDRAULIC HOSES NEED REFERBISHED,12/29/17,,3/1/18,14818579,0.00
FY18,18,WH8DAA,71-111,1011279664,NBC-0108-11,1002998064,PM01,1,,STRIKER HYDRAULIC HOSES NEED REFERBISHED,1/3/18,,1/23/18,14818579,0.00
FY18,18,6XPA0BZ1,71-111,1011279664,NBC-0108-11,7000137149,PM07,1,0D0,FABRICATE HOSES,1/4/18,,1/5/18,14818579,0.00
FY18,18,WH8DAA,71-121,1011279686,NBC-0109-11,1003116344,PM01,1,,TIRE WORN ON D/S,1/24/18,,6/12/18,14818579,0.00
FY18,18,WH8DAA,71-121,1011279686,NBC-0109-11,1003116342,PM01,1,,AIR DISCHARGE BLOCK INOP,1/24/18,,6/12/18,14818579,0.00
FY18,18,WH8DAA,71-122,1011279723,NBC-0111-11,1003125898,PM01,1,,NEEDS POL,1/25/18,,2/6/18,14818579,0.00
FY18,18,WH8DAA,71-122,1011279723,NBC-0111-11,1003132868,PM01,1,,CBMS SERVICE ITEM,1/25/18,,2/6/18,14818579,0.00
FY18,18,WH8DAA,71-121,1011279686,NBC-0109-11,1003132316,PM01,1,,SURVEYOR TRAY CLIP BROKEN,1/25/18,,5/2/18,14818579,0.00
FY18,18,WH8DAA,71-121,1011279686,NBC-0109-11,1003132311,PM01,1,,TRANSMISSION HATCH BROKEN,1/25/18,,5/2/18,14818579,0.00
FY18,18,WH8DAA,71-121,1011279686,NBC-0109-11,1003132306,PM01,1,,REAR DECK DOOR HANDLE INOP,1/25/18,,5/2/18,14818579,0.00
FY18,18,WH8DAA,71-111,1011279664,NBC-0108-11,1003131328,PM01,1,,WATER RATION HEATER INOP,1/25/18,,6/12/18,14818579,0.00
FY18,18,WH8DAA,71-111,1011279664,NBC-0108-11,1003131764,PM01,1,,CBMS SERVICE ITEMS,1/25/18,,6/12/18,14818579,0.00
FY18,18,WH8DAA,71-121,1011279686,NBC-0109-11,1003132541,PM01,1,,4 STUCK DRAIN PLUGS,1/25/18,,6/12/18,14818579,0.00
FY18,18,WH8DAA,71-121,1011279686,NBC-0109-11,1003132313,PM01,1,,CIRCUIT BREAKER 1 BROKEN,1/25/18,,6/12/18,14818579,0.00
FY18,18,WH8DAA,71-122,1011279723,NBC-0111-11,1003132871,PM01,1,,REAR BALLISTIC HANDLE BROKEN,1/25/18,,6/12/18,14818579,0.00
FY18,18,WH8DAA,71-111,1011279664,NBC-0108-11,1003131620,PM01,1,,METSMAN BROKEN GROUND STRAP,1/25/18,,3/1/18,14818579,18.02
FY18,18,WH8DAA,71-111,1011279664,NBC-0108-11,1003131326,PM01,1,,LEFT ENGINE COVER STRUT BROKEN,1/25/18,,3/8/18,14818579,22.39
FY18,18,WH8DAA,71-111,1011279664,NBC-0108-11,1003131331,PM01,1,,CBMS HOSE DISCONNECT BROKEN,1/25/18,,3/1/18,14818579,277.00
FY18,18,WH8DAA,71-112,1011279704,NBC-0110-11,1003132556,PM01,1,,REAR AIR TANK NOT REACHING MAX PSI,1/25/18,,3/8/18,14818579,286.00
FY18,18,WH8DAA,71-111,1011279664,NBC-0108-11,1003131603,PM01,1,,(M) CTIS COVER L/S TIRE #4,1/25/18,,3/1/18,14818579,353.00
FY18,18,WH8DAA,71-112,1011279704,NBC-0110-11,1003232326,PM01,1,,STORM GROUNDING CABLE BROKEN,2/8/18,,2/8/18,14818579,0.00
FY18,18,WH8DAA,71-112,1011279704,NBC-0110-11,1003232338,PM01,1,,JBPDS COLLECTECTOR INOP,2/8/18,,5/29/18,14818579,0.00
FY18,18,WH8DAA,71-112,1011279704,NBC-0110-11,1003232759,PM01,1,,JBPDS IDENTIFIER INOP,2/8/18,,5/29/18,14818579,0.00
FY18,18,WH8DAA,71-112,1011279704,NBC-0110-11,1003232944,PM01,1,,SPG MOUNTING SCREW MISSINF,2/8/18,,6/12/18,14818579,0.00
FY18,18,WH8DAA,71-112,1011279704,NBC-0110-11,1003232744,PM01,1,,GLOVE PORT SEAL DRYROTTED,2/8/18,,6/12/18,14818579,0.00
FY18,18,WH8DAA,71-112,1011279704,NBC-0110-11,1003232941,PM01,1,,JBPDS FTS INOP,2/8/18,,6/12/18,14818579,0.00
FY18,18,WH8DAA,71-112,1011279704,NBC-0110-11,1003232755,PM01,1,,STORM COVER MISSING SCREW LEFT SIDE,2/8/18,,6/12/18,14818579,0.00
FY18,18,WH8DAA,71-112,1011279704,NBC-0110-11,1003232757,PM01,1,,METSMAN GROUNDING CABLE FRAYED,2/8/18,,6/12/18,14818579,0.00
FY18,18,WH8DAA,71-112,1011279704,NBC-0110-11,1003232750,PM01,1,,SURVEYOR NBC SPG LOCKING KNOB BROKEN,2/8/18,,6/12/18,14818579,0.00
FY18,18,WH8DAA,71-112,1011279704,NBC-0110-11,1003232752,PM01,1,,JBPDS JCA INOP,2/8/18,,7/3/18,14818579,0.00
FY18,18,WH8DAA,71-112,1011279704,NBC-0110-11,1003232339,PM01,1,,CBMS TURBO PUMP ERROR CODE 1003,2/8/18,,6/12/18,14818579,158199.00
FY18,18,WH8DAA,71-111,1011279664,NBC-0108-11,1003234543,PM01,1,,JBPDS BAWS INOP,2/9/18,,6/12/18,14818579,-98112.00
FY18,18,WH8DAA,71-111,1011279664,NBC-0108-11,1003234541,PM01,1,,JBPDS IDENTIFIER INOP,2/9/18,,6/12/18,14818579,-18344.00
FY18,18,WH8DAA,71-111,1011279664,NBC-0108-11,1003234544,PM01,1,,FLUID TRANSFER SYSTEM,2/9/18,,6/19/18,14818579,-10405.00
FY18,18,WH8DAA,71-111,1011279664,NBC-0108-11,1003234596,PM01,1,,REAR AIR INTAKE,2/9/18,,3/8/18,14818579,0.00
FY18,18,WH8DAA,71-111,1011279664,NBC-0108-11,1003234542,PM01,1,,JBPDS COLLECTOR INOP,2/9/18,,6/12/18,14818579,0.00
FY18,18,WH8DAA,71-111,1011279664,NBC-0108-11,1003234599,PM01,1,,(M) INLET COLLECTOR,2/9/18,,6/12/18,14818579,0.00
FY18,18,WH8DAA,71-111,1011279664,NBC-0108-11,1003234662,PM01,1,,COLLECTOR STACK DAMAGED,2/9/18,,6/12/18,14818579,2190.00
FY18,18,WH8DAA,71-112,1011279704,NBC-0110-11,1003241540,PM01,1,,INLET HOSE BROKEN FOR M88,2/10/18,,6/12/18,14818579,0.00
FY18,18,WH8DAA,71-121,1011279686,NBC-0109-11,1003262364,PM01,1,,JBPDS BAWS INOP,2/13/18,,4/20/18,14818579,-98112.00
FY18,18,WH8DAA,71-121,1011279686,NBC-0109-11,1003262368,PM01,1,,JBPDS FLUID TRANSFER SYSTEM INOP,2/13/18,,5/2/18,14818579,0.00
FY18,18,WH8DAA,71-121,1011279686,NBC-0109-11,1003262852,PM01,1,,BATTERY TERMINAL BROKEN,2/13/18,,6/12/18,14818579,0.00
FY18,18,WH8DAA,71-121,1011279686,NBC-0109-11,1003262213,PM01,1,,PROBE PORT SEAL DRYROTTED,2/13/18,,6/12/18,14818579,0.00
FY18,18,WH8DAA,71-121,1011279686,NBC-0109-11,1003262376,PM01,1,,NBCSPG WILL NOT COMMUNICATE TO PRINTER,2/13/18,,6/12/18,14818579,0.00
FY18,18,WH8DAA,71-121,1011279686,NBC-0109-11,1003262850,PM01,1,,METSMAN GROUNG STRAP FRAY,2/13/18,,6/12/18,14818579,0.00
FY18,18,WH8DAA,71-112,1011279704,NBC-0110-11,1003262915,PM01,1,,WATER RATION HEATER W411 CABLE ASSEMBLY,2/13/18,,6/12/18,14818579,0.00
FY18,18,WH8DAA,71-111,1011279664,NBC-0108-11,1003262847,PM01,1,,INLET HOSE FOR M88 MISSING CONNECTOR,2/13/18,,6/12/18,14818579,0.86
FY18,18,WH8DAA,71-111,1011279664,NBC-0108-11,1003262845,PM01,1,,CIRCUIT BREAKER ICA BOX WILL NOT RESET,2/13/18,,6/12/18,14818579,3241.00
FY18,18,WH8DAA,71-121,1011279686,NBC-0109-11,1003262370,PM01,1,,JBPDS JCA INOP,2/13/18,,4/20/18,14818579,14896.00
FY18,18,WH8DAA,71-121,1011279686,NBC-0109-11,1003262367,PM01,1,,JBPDS IDENTIFIER INOP,2/13/18,,4/20/18,14818579,43279.00
FY18,18,WH8DAA,71-122,1011279723,NBC-0111-11,1003276072,PM01,1,,JBPDS BAWS INOP,2/15/18,,4/20/18,14818579,-98112.00
FY18,18,WH8DAA,71-122,1011279723,NBC-0111-11,1003276074,PM01,1,,JBPDS JCA INOP,2/15/18,,4/12/18,14818579,-7422.00
FY18,18,WH8DAA,71-122,1011279723,NBC-0111-11,1003276077,PM01,1,,JBPDS FLUID TRANSFER SYSTEM INOP,2/15/18,,4/12/18,14818579,0.00
FY18,18,WH8DAA,71-122,1011279723,NBC-0111-11,1003276075,PM01,1,,JBPDS IDENTIFIER INOP,2/15/18,,4/12/18,14818579,0.00
FY18,18,WH8DAA,71-122,1011279723,NBC-0111-11,1003276078,PM01,1,,JBPDS COMPRESSOR INOP,2/15/18,,4/20/18,14818579,2942.00
FY18,18,WH8DAA,71-121,1011279686,NBC-0109-11,1003514191,PM01,1,,LEFT AND RIGHT ABS MODULADORS INOP,3/22/18,,4/13/18,14818579,390.00
FY18,18,WH8DAA,71-121,1011279686,NBC-0109-11,1003594536,PM01,1,,POWER STEERING PUMP INOP,4/4/18,,5/1/18,14818579,0.00
FY18,18,WH8DAA,71-121,1011279686,NBC-0109-11,1003663591,PM01,1,,LEFT AND RIGHT REAR BREAK VALVES INOP,4/14/18,,5/23/18,14818579,0.00
FY18,18,WH8DAA,71-111,1011279664,NBC-0108-11,2001899197,PM02,A,,AFQ-Annual,5/3/18,,5/7/18,14818579,0.00
FY18,18,WH8DAA,71-111,1011279664,NBC-0108-11,1003892253,PM01,1,,BAWS FILTERS,5/21/18,,6/12/18,14818579,0.00
FY18,18,WH8DAA,71-111,1011279664,NBC-0108-11,1003892251,PM01,1,,RWS/FCU DOES NOT OPERATE,5/21/18,,6/14/18,14818579,0.00
FY18,18,WH8DAA,71-111,1011279664,NBC-0108-11,1003892255,PM01,1,,LEFT REAR UPPER ARMOR PLATE DAMAGED,5/21/18,,6/19/18,14818579,0.00
FY18,18,WH8DAA,71-122,1011279723,NBC-0111-11,1003891676,PM01,1,,CTIS INOP,5/21/18,,9/12/18,14818579,0.00
FY18,18,WH8DAA,71-122,1011279723,NBC-0111-11,1003891678,PM01,1,,ALL TIRES LOW TREAL,5/21/18,,9/20/18,14818579,0.00
FY19,19,WH8DAA,71-111,1011279664,NBC-0108-11,1003892461,PM01,1,,DVE WILL NOT POWER ON,5/21/18,,10/18/18,14818579,0.00
FY19,19,WH8DAA,71-112,1011279704,NBC-0110-11,1003892242,PM01,1,,CTIS CABLE ASSEMBLY INOP,5/21/18,,10/31/18,14818579,0.00
FY19,19,WH8DAA,71-112,1011279704,NBC-0110-11,1003892245,PM01,1,,BAWS FILTERS,5/21/18,,10/16/18,14818579,20.90
FY18,18,WH8DAA,71-111,1011279664,NBC-0108-11,1003892250,PM01,1,,ARMOR PLATE ABOVE REAL DECK DOOR PEELING,5/21/18,,7/18/18,14818579,793.00
FY18,18,WH8DAA,71-111,1011279664,NBC-0108-11,1003892258,PM01,1,,RF ARMOR PLATE DAMAGED,5/21/18,,6/20/18,14818579,1421.00
FY18,18,WH8DAA,71-121,1011279686,NBC-0109-11,1003906623,PM01,1,,LEFT & RIGHT REAR BREAK VALVES INOP,5/23/18,,6/14/18,14818579,0.00
FY18,18,WH8DAA,71-121,1011279686,NBC-0109-11,1004008598,PM01,1,,FLUID TRANSFER SYST,6/7/18,,6/12/18,14818579,0.00
FY18,18,WH8DAA,71-122,1011279723,NBC-0111-11,1004008599,PM01,1,,COLLECTOR ASSEMBLY,6/7/18,,6/12/18,14818579,0.00
FY18,18,WH8DAA,71-122,1011279723,NBC-0111-11,1004009061,PM01,1,,FLUID TRANSFER SYST,6/7/18,,6/12/18,14818579,0.00
FY18,18,WH8DAA,71-111,1011279664,NBC-0108-11,1004008596,PM01,1,,JBPDS CONTROL,6/7/18,,6/14/18,14818579,0.00
FY18,18,WH8DAA,71-122,1011279723,NBC-0111-11,1004043414,PM01,1,,COLLECTOR ASSEMBLY,6/12/18,,6/14/18,14818579,0.00
FY18,18,WH8DAA,71-121,1011279686,NBC-0109-11,1004043416,PM01,1,,FLUID TRANSFER SYST,6/12/18,,6/19/18,14818579,0.00
FY18,18,WH8DAA,71-122,1011279723,NBC-0111-11,1004043412,PM01,1,,FLUID TRANSFER SYST,6/12/18,,6/19/18,14818579,0.00
FY18,18,WH8DAA,71-111,1011279664,NBC-0108-11,1004043418,PM01,1,,JBPDS CONTROL,6/12/18,,8/7/18,14818579,0.00
FY18,18,WH8DAA,71-121,1011279686,NBC-0109-11,1004059415,PM01,1,,LEFT & RIGHT REAR BREAKS VALVES INOP,6/14/18,,6/27/18,14818579,0.00
FY18,18,WH8DAA,71-111,1011279664,NBC-0108-11,1004058502,PM01,1,,RWS/FCU DOES NOT OPERATE,6/14/18,,7/18/18,14818579,1334.00
FY18,18,WH8DAA,71-111,1011279664,NBC-0108-11,1004075249,PM01,1,,FLUID TRANSFER SYST INOP,6/19/18,,8/7/18,14818579,0.00
FY18,18,WH8DAA,71-111,1011279664,NBC-0108-11,1004083464,PM01,1,,LEFT REAR UPPER ARMOR PLATE DAMAGED,6/19/18,,8/7/18,14818579,0.00
FY18,18,WH8DAA,71-121,1011279686,NBC-0109-11,1004075303,PM01,1,,BAWS 4 PLU ASSEMBLY,6/19/18,,9/7/18,14818579,0.00
FY18,18,WH8DAA,71-122,1011279723,NBC-0111-11,1004075302,PM01,1,,BAWS 4 PLU ASSEMBLY,6/19/18,,9/7/18,14818579,0.00
FY18,18,WH8DAA,71-121,1011279686,NBC-0109-11,1004080170,PM01,1,,GENERATOR INOP,6/19/18,,8/7/18,14818579,961.00
FY18,18,WH8DAA,71-112,1011279704,NBC-0110-11,1004075301,PM01,1,,COLLECTOR ASSEMBLY,6/19/18,,7/17/18,14818579,10966.00
FY18,18,WH8DAA,71-112,1011279704,NBC-0110-11,1004075248,PM01,1,,FLUID TRANSFER SYST INOP,6/19/18,,7/16/18,14818579,19759.00
FY18,18,WH8DAA,71-121,1011279686,NBC-0109-11,1004075250,PM01,1,,FLUID TRANSFER SYST INOP,6/19/18,,8/7/18,14818579,19759.00
FY18,18,WH8DAA,71-122,1011279723,NBC-0111-11,1004075251,PM01,1,,FLUID TRANSFER SYST INOP,6/19/18,,8/7/18,14818579,19759.00
FY18,18,WH8DAA,71-121,1011279686,NBC-0109-11,1004137022,PM01,1,,LEFT AND RIGHT BRAKE VALVES INOP,6/27/18,,7/18/18,14818579,0.00
FY18,18,WH8DAA,71-121,1011279686,NBC-0109-11,1004204021,PM01,1,,AFQ-Annual,7/12/18,,7/12/18,14818579,0.00
FY18,18,WH8DAA,71-112,1011279704,NBC-0110-11,1004203951,PM01,1,,AFQ-Annual,7/12/18,,7/12/18,14818579,0.00
FY18,18,WH8DAA,71-111,1011279664,NBC-0108-11,1004231916,PM01,1,,GENERATOR INOP,7/18/18,,8/7/18,14818579,0.00
FY18,18,WH8DAA,71-112,1011279704,NBC-0110-11,1004329063,PM01,1,,COLLECTOR ASSEMBLY INOP,8/1/18,,9/11/18,14818579,0.00
FY18,18,WH8DAA,71-112,1011279704,NBC-0110-11,1004329061,PM01,1,,FLUID TRANSFER SYST INOP,8/1/18,,9/11/18,14818579,0.00
FY18,18,WH8DAA,71-121,1011279686,NBC-0109-11,1004357078,PM01,1,,BATTERY INOP,8/7/18,,8/15/18,14818579,0.00
FY18,18,WH8DAA,71-122,1011279723,NBC-0111-11,1004357073,PM01,1,,BATTERY INOP,8/7/18,,8/15/18,14818579,0.00
FY18,18,WH8DAA,71-111,1011279664,NBC-0108-11,1004357071,PM01,1,,GENERATOR INOP,8/7/18,,9/6/18,14818579,0.00
FY18,18,WH8DAA,71-121,1011279686,NBC-0109-11,1004357076,PM01,1,,GENERATOR INOP,8/7/18,,9/6/18,14818579,0.00
FY18,18,WH8DAA,71-111,1011279664,NBC-0108-11,1004357072,PM01,1,,LEFT REAR UPPER ARMOR PLATE DAMAGED,8/7/18,,9/11/18,14818579,2184.00
FY19,19,WH8DAA,71-111,1011279664,NBC-0108-11,1004357069,PM01,1,,JBPDS CONTROL ASSEMBLY,8/7/18,,10/16/18,14818579,22318.00
FY18,18,WH8DAA,71-122,1011279723,NBC-0111-11,1004367043,PM01,1,,COMPRESSOR INOP,8/8/18,,9/6/18,14818579,2942.00
FY18,18,WH8DAA,71-121,1011279686,NBC-0109-11,1004410915,PM01,1,,BATTERY INOP,8/14/18,,9/6/18,14818579,0.00
FY18,18,WH8DAA,71-122,1011279723,NBC-0111-11,1004410913,PM01,1,,BATTERY INOP,8/14/18,,9/6/18,14818579,0.00
FY18,18,WH8DAA,71-111,1011279664,NBC-0108-11,1004416340,PM01,1,,L/R UPPER ARMOR PLATE DAMAGE,8/15/18,,8/15/18,14818579,0.00
FY18,18,WH8DAA,71-121,1011279686,NBC-0109-11,1004560603,PM01,1,,FTS INOP,9/6/18,,9/7/18,14818579,0.00
FY18,18,WH8DAA,71-122,1011279723,NBC-0111-11,1004560602,PM01,1,,COLLECTOR INOP,9/6/18,,9/7/18,14818579,0.00
FY19,19,WH8DAA,71-122,1011279723,NBC-0111-11,1004601815,PM01,1,,Steering gear box unserviceable,9/12/18,,10/31/18,14818579,-144.00
FY18,18,WH8DAA,71-112,1011279704,NBC-0110-11,1004602190,PM01,2,,Right front tire unserviceable.,9/12/18,,9/21/18,14818579,0.00
FY19,19,WH8DAA,71-111,1011279664,NBC-0108-11,1004602457,PM01,1,,FLUID TRANSFER LINE CORRODED,9/12/18,,10/25/18,14818579,0.00
FY19,19,WH8DAA,71-122,1011279723,NBC-0111-11,1004601819,PM01,1,,Fuel sending unit inop,9/12/18,,10/18/18,14818579,214.00
FY19,19,WH8DAA,71-122,1011279723,NBC-0111-11,1004602622,PM01,1,,FTS T6 line damaged,9/12/18,,10/24/18,14818579,2244.00
FY19,19,WH8DAA,71-122,1011279723,NBC-0111-11,1004602626,PM01,1,,JBPDS Controller inop,9/12/18,,10/16/18,14818579,22097.00
FY19,19,WH8DAA,71-111,1011279664,NBC-0108-11,1004604889,PM01,1,,TRANSMISSION ECM,9/13/18,,10/18/18,14818579,0.00
FY18,18,WH8DAA,71-121,1011279686,NBC-0109-11,2002361253,PM02,A,,AFQ-Annual,9/17/18,,9/17/18,14818579,0.00
FY18,18,WH8DAA,71-112,1011279704,NBC-0110-11,2002361249,PM02,A,,AFQ-Annual,9/17/18,,9/17/18,14818579,0.00
FY19,19,WH8DAA,71-122,1011279723,NBC-0111-11,1004631686,PM01,1,,CBMSII INOP,9/17/18,,1/3/19,14818579,161463.00
FY19,19,WH8DAA,71-111,1011279664,NBC-0108-11,1004631682,PM01,1,,CBMSII INOP,9/17/18,,10/18/18,14818579,331575.00
FY19,19,WH8DAA,71-122,1011279723,NBC-0111-11,1004654650,PM01,1,,ALL TIRES LOW,9/20/18,,10/18/18,14818579,-7267.00
FY18,18,WH8DAA,71-111,1011279664,NBC-0108-11,1004670003,PM01,1,,M2 .50 CAL SOLENOID,9/21/18,,9/25/18,14818579,0.00
FY18,18,WH8DAA,71-112,1011279704,NBC-0110-11,1004670004,PM01,1,,M2 .50 CAL SOLENOID,9/21/18,,9/25/18,14818579,0.00
FY19,19,WH8DAA,71-121,1011279686,NBC-0109-11,1004670007,PM01,1,,M2 .50 CAL SOLENOID,9/21/18,,10/29/18,14818579,1427.00
FY19,19,WH8DAA,71-122,1011279723,NBC-0111-11,1004670009,PM01,1,,M2 .50 CAL SOLENOID,9/21/18,,10/29/18,14818579,1427.00
FY19,19,WH8DAA,71-112,1011279704,NBC-0110-11,1004683446,PM01,1,,"M2 .50 CAL SOLENOIDE, INOP",9/25/18,,10/29/18,14818579,0.00
FY19,19,WH8DAA,71-111,1011279664,NBC-0108-11,1004683445,PM01,1,,M 2 .50 CAL SOLENOID INOP,9/25/18,,10/29/18,14818579,1427.00
FY19,19,WH8DAA,71-112,1011279704,NBC-0110-11,1004690721,PM01,1,,"M2 .50 CAL SOLENOIDE, INOP",9/25/18,,10/29/18,14818579,1427.00
FY19,19,WH8DAA,71-121,1011279686,NBC-0109-11,1004840115,PM01,2,,DRIVERS LIGHT BROKEN,10/18/18,,11/2/18,14818579,532.00
FY19,19,WH8DAA,71-121,1011279686,NBC-0109-11,1004847466,PM01,1,,CBMS FAULTCODE 3025,10/19/18,,10/30/18,14818579,0.00
FY19,19,WH8DAA,71-122,1011279723,NBC-0111-11,1004840950,PM01,1,,Transmission ECM INOP,10/19/18,,10/31/18,14818579,0.00
FY19,19,WH8DAA,71-112,1011279704,NBC-0110-11,1004840955,PM01,2,,CHEM PROBE BUCKLES NEEDS REPLACED,10/19/18,,11/2/18,14818579,0.00
FY19,19,WH8DAA,71-122,1011279723,NBC-0111-11,1004840944,PM01,1,,RWS System INOP,10/19/18,,11/21/18,14818579,0.00
FY19,19,WH8DAA,71-121,1011279686,NBC-0109-11,1004840952,PM01,1,,M88 Chemical Agen Alarm INOP,10/19/18,,2/15/19,14818579,0.00
FY19,19,WH8DAA,71-112,1011279704,NBC-0110-11,1004840958,PM01,2,,TOWBAR LOCK AND HANDLE BROKEN,10/19/18,,10/31/18,14818579,0.17
FY19,19,WH8DAA,71-112,1011279704,NBC-0110-11,1004840954,PM01,2,,RATION HEATER INOP,10/19/18,,11/2/18,14818579,282.00
FY19,19,WH8DAA,71-111,1011279664,NBC-0108-11,1004840807,PM01,2,,DRIVER STAY DEVICES WONT HOLD AT 10 DEG,10/19/18,,11/2/18,14818579,306.00
FY19,19,WH8DAA,71-112,1011279704,NBC-0110-11,1004840957,PM01,2,,DRIVER UTILITY LIGHT INOP,10/19/18,,11/2/18,14818579,2128.00
FY19,19,WH8DAA,71-122,1011279723,NBC-0111-11,1004840947,PM01,1,,JSLSCAD ODU INOP (PQDR),10/19/18,,12/21/18,14818579,7135.00
FY19,19,WH8DAA,71-122,1011279723,NBC-0111-11,1004874318,PM01,1,,TRANSFER CASE INNER SEALS BROKEN,10/24/18,,12/21/18,14818579,14318.00
FY19,19,WH8DAA,71-121,1011279686,NBC-0109-11,1004896222,PM01,1,,CBMS BLOCK II,10/27/18,,10/27/18,14818579,0.00
FY19,19,WH8DAA,71-121,1011279686,NBC-0109-11,1004896226,PM01,1,,ELECTRONIC MODULE INOP,10/27/18,,11/9/18,14818579,0.00
FY19,19,WH8DAA,71-111,1011279664,NBC-0108-11,1004904760,PM01,1,,COLLECTOR INOP,10/29/18,,10/30/18,14818579,0.00
FY19,19,WH8DAA,71-112,1011279704,NBC-0110-11,1004904755,PM01,1,,BAWS INOP,10/29/18,,10/30/18,14818579,0.00
FY19,19,WH8DAA,71-112,1011279704,NBC-0110-11,1004905142,PM01,1,,BAWS INOP,10/29/18,,10/30/18,14818579,0.00
FY19,19,WH8DAA,71-112,1011279704,NBC-0110-11,1004907661,PM01,1,,BAWS INOP,10/30/18,,12/28/18,14818579,-3324.00
FY19,19,WH8DAA,71-111,1011279664,NBC-0108-11,1004914903,PM01,1,,FTS INOP,10/30/18,,10/30/18,14818579,0.00
FY19,19,WH8DAA,71-121,1011279686,NBC-0109-11,1004907662,PM01,1,,COLLECTOR INOP,10/30/18,,10/30/18,14818579,0.00
FY19,19,WH8DAA,71-121,1011279686,NBC-0109-11,1004907663,PM01,1,,FTS INOP,10/30/18,,10/30/18,14818579,0.00
FY19,19,WH8DAA,71-112,1011279704,NBC-0110-11,1004907517,PM01,1,,Collector inop,10/30/18,,10/30/18,14818579,0.00
FY19,19,WH8DAA,71-112,1011279704,NBC-0110-11,1004907790,PM01,1,,Needs New UDR13 Mount,10/30/18,,10/30/18,14818579,0.00
FY19,19,WH8DAA,71-112,1011279704,NBC-0110-11,1004914915,PM01,2,,RATION HEATER INOP,10/30/18,,11/5/18,14818579,0.00
FY19,19,WH8DAA,71-122,1011279723,NBC-0111-11,1004907791,PM01,1,,FTS INOP,10/30/18,,11/6/18,14818579,0.00
FY19,19,WH8DAA,71-112,1011279704,NBC-0110-11,1004914916,PM01,1,,FTS INOP,10/30/18,,11/15/18,14818579,0.00
FY19,19,WH8DAA,71-112,1011279704,NBC-0110-11,1004907513,PM01,1,,COLLECTOR INOP,10/30/18,,11/27/18,14818579,0.00
FY19,19,WH8DAA,71-111,1011279664,NBC-0108-11,1004914913,PM01,1,,COLLECTOR INOP,10/30/18,,11/29/18,14818579,0.00
FY19,19,WH8DAA,71-122,1011279723,NBC-0111-11,1004907665,PM01,1,,JBPDS T6 LINE INOP,10/30/18,,11/29/18,14818579,0.00
FY19,19,WH8DAA,71-121,1011279686,NBC-0109-11,1004907667,PM01,2,,DWSS SWITCH BOX ASSEMBLY DAMAGED,10/30/18,,1/9/19,14818579,0.00
FY19,19,WH8DAA,71-122,1011279723,NBC-0111-11,1004907666,PM01,2,,SERVER HATCH SEAL DAMAGED,10/30/18,,1/21/19,14818579,28.11
FY19,19,WH8DAA,71-121,1011279686,NBC-0109-11,1004907669,PM01,1,,FTS INOP,10/30/18,,1/24/19,14818579,1016.00
FY19,19,WH8DAA,71-112,1011279704,NBC-0110-11,1004915388,PM01,1,,NEEDS NEW UDR13 MOUNT,10/30/18,,11/27/18,14818579,3217.64
FY19,19,WH8DAA,71-121,1011279686,NBC-0109-11,1004907664,PM01,1,,JBPDS INOP,10/30/18,,11/29/18,14818579,10080.00
FY19,19,WH8DAA,71-111,1011279664,NBC-0108-11,1004914912,PM01,1,,FTS INOP,10/30/18,,12/28/18,14818579,19461.00
FY19,19,WH8DAA,71-121,1011279686,NBC-0109-11,1004907668,PM01,1,,COLLECTOR INOP,10/30/18,,11/29/18,14818579,23298.00
FY19,19,WH8DAA,71-112,1011279704,NBC-0110-11,1004927322,PM01,1,,CTIS INOP,10/31/18,,11/27/18,14818579,1138.00
FY19,19,WH8DAA,71-111,1011279664,NBC-0108-11,1004927640,PM01,1,,REAR UPPER ARMOR CRACKED,11/1/18,,12/5/18,14818579,0.00
FY19,19,WH8DAA,71-111,1011279664,NBC-0108-11,1004927842,PM01,2,,W21 LINE BROKEN,11/1/18,,7/17/19,14818579,0.00
FY19,19,WH8DAA,71-121,1011279686,NBC-0109-11,1004960412,PM01,2,,SERVER WORK STATION WILL NOT STOW,11/6/18,,2/13/19,14818579,0.00
FY19,19,WH8DAA,71-112,1011279704,NBC-0110-11,1004960320,PM01,2,,VET TOUCHSCREEN INOP,11/6/18,,8/23/19,14818579,0.00
FY19,19,WH8DAA,71-111,1011279664,NBC-0108-11,1004960319,PM01,1,,BOLT STUD FOR DRIVER HATCH,11/6/18,,12/11/18,14818579,14.60
FY19,19,WH8DAA,71-121,1011279686,NBC-0109-11,1004960413,PM01,2,,REAR DECK HATCH LEFT HANDLE NEEDS ADJUST,11/6/18,,11/27/18,14818579,62.16
FY19,19,WH8DAA,71-111,1011279664,NBC-0108-11,1004960317,PM01,2,,REAR DECK HATCH LEFT HANDLE,11/6/18,,11/27/18,14818579,155.40
FY19,19,WH8DAA,71-121,1011279686,NBC-0109-11,1004960411,PM01,2,,L/R REAR TIRE WILL BE WORN,11/6/18,,1/12/19,14818579,3730.00
FY19,19,WH8DAA,71-121,1011279686,NBC-0109-11,1004993878,PM01,1,,CBMS Block II,11/9/18,,12/4/18,14818579,331575.00
FY19,19,WH8DAA,71-121,1011279686,NBC-0109-11,1005009854,PM01,1,,Chem Prob Worn,11/14/18,,11/15/18,14818579,0.00
FY19,19,WH8DAA,71-121,1011279686,NBC-0109-11,1005009853,PM01,2,,Printer Test Page Dose Not Print,11/14/18,,1/17/19,14818579,230.00
FY19,19,WH8DAA,71-121,1011279686,NBC-0109-11,1005009852,PM01,2,,Drain plugs seized,11/14/18,,5/30/19,14818579,444.48
FY19,19,WH8DAA,71-121,1011279686,NBC-0109-11,1005019366,PM01,1,,CHEM PROB WORN,11/15/18,,1/15/19,14818579,4164.00
FY19,19,WH8DAA,71-122,1011279723,NBC-0111-11,1005063497,PM01,1,,RWS System INOP,11/21/18,,12/21/18,14818579,67356.00
FY19,19,WH8DAA,71-122,1011279723,NBC-0111-11,2002602543,PM02,A,,AFQ-Annual,11/27/18,,11/28/18,14818579,0.00
FY19,19,WB25RD,71-121,1011279686,NBC-0109-11,1005080071,PM01,1,,ANVDR 2 MOUNT INOP,11/27/18,,12/11/18,14818579,0.00
FY19,19,WH8DAA,71-122,1011279723,NBC-0111-11,1005098570,PM01,1,,JBPDS T6 LINE INOP,11/29/18,,12/4/18,14818579,0.00
FY19,19,WH8DAA,71-122,1011279723,NBC-0111-11,1005128253,PM01,1,,JBPDS T6 Line,12/4/18,,1/9/19,14818579,2277.10
FY19,19,WH8DAA,71-111,1011279664,NBC-0108-11,1005181693,PM01,1,,Collector INOP (PQDR),12/13/18,,1/24/19,14818579,0.00
FY19,19,WH8DAA,71-121,1011279686,NBC-0109-11,1005181694,PM01,1,,CBMS Block II INOP (PQDR),12/13/18,,1/30/19,14818579,0.00
FY19,19,WH8DAA,71-121,1011279686,NBC-0109-11,1005218553,PM01,1,,RWS INHIBIT FIRE ZONE NOT DISPLAYED,12/21/18,,12/21/18,14818579,0.00
FY19,19,WH8DAA,71-122,1011279723,NBC-0111-11,1005218552,PM01,1,,RWS INHIBIT FIRE ZONE NOT DISPLAYED,12/21/18,,1/30/19,14818579,0.00
FY19,19,WH8DAA,71-121,1011279686,NBC-0109-11,1005227995,PM01,1,,STORM INOP,12/27/18,,1/16/19,14818579,0.00
FY19,19,WH8DAA,71-112,1011279704,NBC-0110-11,1005228105,PM01,2,,JBPDS SCREEN CRACKED,12/27/18,,1/24/19,14818579,0.00
FY19,19,WH8DAA,71-112,1011279704,NBC-0110-11,1005228103,PM01,1,,STORM GROUNDING WIRE DAMAGED,12/27/18,,1/25/19,14818579,0.00
FY19,19,WH8DAA,71-112,1011279704,NBC-0110-11,1005228102,PM01,1,,CHEM PROB BUCKEL INOP,12/27/18,,2/8/19,14818579,0.00
FY19,19,WH8DAA,71-122,1011279723,NBC-0111-11,1005227704,PM01,1,,rear hatch seal cut,12/27/18,,2/14/19,14818579,0.00
FY19,19,WH8DAA,71-122,1011279723,NBC-0111-11,1005227703,PM01,2,,rear shackle tie-down broken,12/27/18,,1/15/19,14818579,6.38
FY19,19,WH8DAA,71-122,1011279723,NBC-0111-11,1005227987,PM01,2,,SERVICE FILTERS,12/27/18,,3/12/19,14818579,41.80
FY19,19,WH8DAA,71-112,1011279704,NBC-0110-11,1005227997,PM01,2,,RWS AMMO GUIDE MISSING,12/27/18,,2/14/19,14818579,74.45
FY19,19,WH8DAA,71-111,1011279664,NBC-0108-11,1005228108,PM01,2,,RWS SOFT MOUNT NUT AND BOLT MISSING,12/27/18,,1/15/19,14818579,95.72
FY19,19,WH8DAA,71-112,1011279704,NBC-0110-11,1005227998,PM01,2,,RWS SOFT MOUNT NUT AND BOLT MISSING,12/27/18,,1/15/19,14818579,95.72
FY19,19,WH8DAA,71-122,1011279723,NBC-0111-11,1005227986,PM01,2,,RWS SOFT MOUNT NUT AND BOLT MISSING,12/27/18,,1/15/19,14818579,95.72
FY20,20,WH8DAA,71-121,1011279686,NBC-0109-11,1005227990,PM01,2,,SERVICE FILTERS,12/27/18,,10/3/19,14818579,104.28
FY20,20,WH8DAA,71-111,1011279664,NBC-0108-11,1005227988,PM01,2,,SERVICE FILTERS,12/27/18,,10/23/19,14818579,104.28
FY20,20,WH8DAA,71-112,1011279704,NBC-0110-11,1005227989,PM01,2,,SERVICE FILTERS,12/27/18,,10/23/19,14818579,104.28
FY19,19,WH8DAA,71-111,1011279664,NBC-0108-11,1005228107,PM01,2,,LR DECK DOOR HANDLE THREDS DAMAGED,12/27/18,,1/15/19,14818579,395.00
FY19,19,WH8DAA,71-121,1011279686,NBC-0109-11,1005227993,PM01,1,,RWS W19 CABLE DAMAGED,12/27/18,,1/12/19,14818579,694.00
FY19,19,WH8DAA,71-112,1011279704,NBC-0110-11,1005228000,PM01,1,,STORM HI POWER MODE INOP,12/27/18,,1/29/19,14818579,694.00
FY19,19,WH8DAA,71-112,1011279704,NBC-0110-11,1005228101,PM01,1,,BATTRIES TESTED BAD,12/27/18,,1/12/19,14818579,1249.96
FY19,19,WH8DAA,71-112,1011279704,NBC-0110-11,1005227996,PM01,1,,RIGHT SECOND TIRE DAMAGED,12/27/18,,1/12/19,14818579,1865.00
FY19,19,WH8DAA,71-112,1011279704,NBC-0110-11,1005227999,PM01,2,,RWS SMALL CASING COLLECTOR MISSING,12/27/18,,1/15/19,14818579,2254.00
FY19,19,WH8DAA,71-112,1011279704,NBC-0110-11,1005228104,PM01,1,,JBPDS COLLECTOR INOP,12/27/18,,1/24/19,14818579,23298.00
FY19,19,WH8DAA,71-111,1011279664,NBC-0108-11,1005230604,PM01,1,,LCS FAILS TO INITIATE,12/28/18,,1/29/19,14818579,10080.00
FY19,19,WH8DAA,71-122,1011279723,NBC-0111-11,1005230603,PM01,1,,FTS INOP,12/28/18,,1/16/19,14818579,29866.00
FY19,19,WH8DAA,71-121,1011279686,NBC-0109-11,1005272491,PM01,1,,DWSS Switch box assembly damaged,1/9/19,,1/12/19,14818579,0.00
FY19,19,WH8DAA,71-112,1011279704,NBC-0110-11,1005265760,PM01,1,,CVSS WILL NOT COMPLT BIT,1/9/19,,1/15/19,14818579,0.00
FY19,19,WH8DAA,71-121,1011279686,NBC-0109-11,1005266162,PM01,1,,CVSS DEGRADED,1/9/19,,1/16/19,14818579,0.00
FY19,19,WH8DAA,71-121,1011279686,NBC-0109-11,1005266163,PM01,1,,VDET DEGRADED,1/9/19,,1/16/19,14818579,0.00
FY19,19,WH8DAA,71-112,1011279704,NBC-0110-11,1005265257,PM01,1,,JSLSCAD INOP TROUBLE SHOOTING,1/9/19,,1/16/19,14818579,0.00
FY19,19,WH8DAA,71-111,1011279664,NBC-0108-11,1005266166,PM01,1,,KGV-72 NOT COMMUNICATING WITH JCR,1/9/19,,1/21/19,14818579,0.00
FY19,19,WH8DAA,71-122,1011279723,NBC-0111-11,1005265756,PM01,1,,KGV-72 NOT COMMUNICATING WITH JCR,1/9/19,,1/21/19,14818579,0.00
FY19,19,WH8DAA,71-111,1011279664,NBC-0108-11,1005266165,PM01,1,,RWS Firing inhibit faulty,1/9/19,,1/25/19,14818579,0.00
FY19,19,WH8DAA,71-112,1011279704,NBC-0110-11,1005265757,PM01,1,,RWS Firing inhibit faulty,1/9/19,,1/25/19,14818579,0.00
FY19,19,WH8DAA,71-122,1011279723,NBC-0111-11,1005265253,PM01,1,,STORM INOP,1/9/19,,1/25/19,14818579,0.00
FY19,19,WH8DAA,71-121,1011279686,NBC-0109-11,1005264680,PM01,1,,RWS FIRING INIHIBIT ZONE INOP,1/9/19,,1/30/19,14818579,0.00
FY19,19,WH8DAA,71-112,1011279704,NBC-0110-11,1005265758,PM01,1,,KGV-72 NOT COMMUNICATING WITH JCR,1/9/19,,2/14/19,14818579,0.00
FY19,19,WH8DAA,71-121,1011279686,NBC-0109-11,1005266164,PM01,1,,LCS INOP (PQDR),1/9/19,,3/7/19,14818579,0.00
FY19,19,WH8DAA,71-121,1011279686,NBC-0109-11,1005266161,PM01,1,,Transmitter Inop,1/9/19,,3/12/19,14818579,0.00
FY19,19,WH8DAA,71-111,1011279664,NBC-0108-11,1005292993,PM01,2,,VC DOME LIGHT INOP,1/12/19,,1/29/19,14818579,8.00
FY19,19,WH8DAA,71-111,1011279664,NBC-0108-11,1005308278,PM01,1,,RF TIRE WORN.,1/15/19,,1/16/19,14818579,0.00
FY19,19,WH8DAA,71-121,1011279686,NBC-0109-11,1005308426,PM01,2,,ENGINE HATCH HAS OIL RESIDUE.,1/15/19,,1/16/19,14818579,0.00
FY19,19,WH8DAA,71-121,1011279686,NBC-0109-11,1005308432,PM01,2,,CREW AFES BOTTLE PAINT CHIPPED & BUBBLED,1/15/19,,1/16/19,14818579,0.00
FY19,19,WH8DAA,71-121,1011279686,NBC-0109-11,1005308423,PM01,2,,THIRD RH TIRE HAS A NAIL.,1/15/19,,1/16/19,14818579,0.00
FY19,19,WH8DAA,71-121,1011279686,NBC-0109-11,1005305719,PM01,2,,HELL WHOLE HATCH HAS MINOR DAMAGE.,1/15/19,,1/16/19,14818579,0.00
FY19,19,WH8DAA,71-121,1011279686,NBC-0109-11,1005308431,PM01,2,,SERVAYER FIRE EXTINGUISHER EXPIRED,1/15/19,,1/16/19,14818579,0.00
FY19,19,WH8DAA,71-121,1011279686,NBC-0109-11,1005308422,PM01,2,,UPPER RH PLATE ON LH SIDE HAS MINOR DMG,1/15/19,,1/16/19,14818579,0.00
FY19,19,WH8DAA,71-121,1011279686,NBC-0109-11,1005305718,PM01,2,,UPPER LEFT ARMOR PLATE MINOR DAMAGE.,1/15/19,,1/16/19,14818579,0.00
FY19,19,WH8DAA,71-121,1011279686,NBC-0109-11,1005308433,PM01,2,,FLEX HOSE ON CHEM PROBE WORN.,1/15/19,,1/16/19,14818579,0.00
FY19,19,WH8DAA,71-121,1011279686,NBC-0109-11,1005308427,PM01,2,,HYDRO HATCH COMBAT LOCK INOP,1/15/19,,1/16/19,14818579,0.00
FY19,19,WH8DAA,71-121,1011279686,NBC-0109-11,1005308430,PM01,2,,SAFTY PIN MISSING ON DRIVERS FIRE EXTING,1/15/19,,1/16/19,14818579,0.00
FY19,19,WH8DAA,71-121,1011279686,NBC-0109-11,1005308429,PM01,2,,CCM DISPLAY INDACTES TROOP FAN FAULTS.,1/15/19,,1/16/19,14818579,0.00
FY19,19,WH8DAA,71-121,1011279686,NBC-0109-11,1005308428,PM01,2,,ALL INTERAL LIGHTS IN THE REAR INOP,1/15/19,,1/17/19,14818579,0.00
FY19,19,WH8DAA,71-122,1011279723,NBC-0111-11,1005308634,PM01,2,,LOW AUX BAT VOLTAGE AT START UP.,1/15/19,,1/21/19,14818579,0.00
FY19,19,WH8DAA,71-121,1011279686,NBC-0109-11,1005308437,PM01,1,,DAP&SPG GIVING FALSE CHEM PROBE STATUS.,1/15/19,,1/29/19,14818579,0.00
FY19,19,WH8DAA,71-121,1011279686,NBC-0109-11,1005308436,PM01,2,,ANVDR2 POWER CORD DAMAGED.,1/15/19,,2/13/19,14818579,0.00
FY19,19,WH8DAA,71-121,1011279686,NBC-0109-11,1005308421,PM01,3,,LEFT THIRD AXLE HAS DIRTY HUB OIL.,1/15/19,,2/13/19,14818579,0.00
FY19,19,WH8DAA,71-121,1011279686,NBC-0109-11,1005308425,PM01,2,,VC GROUNDING WIRE HATCH FRAYED.,1/15/19,,2/13/19,14818579,0.00
FY19,19,WH8DAA,71-122,1011279723,NBC-0111-11,1005308631,PM01,2,,HMS LOW NITRO LEVEL.,1/15/19,,2/14/19,14818579,0.00
FY19,19,WH8DAA,71-122,1011279723,NBC-0111-11,1005308629,PM01,2,,M88 DOES NOT COMMUNICATE WITH NBCSPG,1/15/19,,2/14/19,14818579,0.00
FY19,19,WH8DAA,71-121,1011279686,NBC-0109-11,1005305720,PM01,2,,TOW WINCH CABLE BENT.,1/15/19,,3/7/19,14818579,0.00
FY19,19,WH8DAA,71-121,1011279686,NBC-0109-11,1005308424,PM01,2,,FRONT MIDDLE DRAIN PLUG HAS OIL RESIDUE.,1/15/19,,5/30/19,14818579,0.00
FY19,19,WH8DAA,71-112,1011279704,NBC-0110-11,1005305716,PM01,1,,LEFT SECOND TIRE MISSING SEALING ORING.,1/15/19,,3/13/19,14818579,1.84
FY20,20,WH8DAA,71-111,1011279664,NBC-0108-11,1005308621,PM01,2,,ALL HATCH SEALS WORN.,1/15/19,,10/24/19,14818579,30.01
FY19,19,WH8DAA,71-121,1011279686,NBC-0109-11,1005308435,PM01,1,,IWG IS OUT OF TOLERANCE.,1/15/19,,2/28/19,14818579,58.12
FY19,19,WH8DAA,71-112,1011279704,NBC-0110-11,1005305717,PM01,2,,SMALL WIP ANT MISSING BALL.,1/15/19,,4/26/19,14818579,405.20
FY19,19,WH8DAA,71-111,1011279664,NBC-0108-11,1005319335,PM01,1,,FTS INOP,1/16/19,,1/16/19,14818579,0.00
FY19,19,WH8DAA,71-111,1011279664,NBC-0108-11,1005324408,PM01,1,,FTS INOP,1/16/19,,2/2/19,14818579,0.00
FY19,19,WH8DAA,71-112,1011279704,NBC-0110-11,1005319334,PM01,1,,JSLSCAD INOP,1/16/19,,3/7/19,14818579,0.00
FY19,19,WH8DAA,71-121,1011279686,NBC-0109-11,1005325112,PM01,2,,SPG WILL NOT COMMUNCATE WITH PRINTER.,1/17/19,,3/7/19,14818579,230.00
FY19,19,WH8DAA,71-111,1011279664,NBC-0108-11,1005369824,PM01,1,,JBPDS T5 LINE INOP,1/24/19,,2/2/19,14818579,1016.00
FY19,19,WH8DAA,71-112,1011279704,NBC-0110-11,1005369822,PM01,1,,JBPDS F1 LINE INOP,1/24/19,,2/2/19,14818579,2095.46
FY19,19,WH8DAA,71-112,1011279704,NBC-0110-11,1005372962,PM01,1,,LCS Display Sreen Cracked,1/24/19,,2/2/19,14818579,18226.00
FY19,19,WH8DAA,71-122,1011279723,NBC-0111-11,1005409444,PM01,1,,MCS INOP,1/29/19,,2/9/19,14818579,0.00
FY19,19,WH8DAA,71-111,1011279664,NBC-0108-11,1005409235,PM01,2,,SPACER RINGS,1/29/19,,6/21/19,14818579,4.50
FY19,19,WH8DAA,71-111,1011279664,NBC-0108-11,1005409230,PM01,1,,TORN NONMETALLIC HOSE,1/29/19,,2/8/19,14818579,17.72
FY19,19,WH8DAA,71-122,1011279723,NBC-0111-11,1005409446,PM01,1,,IWG OUT OF TOLERANCE,1/29/19,,3/5/19,14818579,28.11
FY19,19,WH8DAA,71-111,1011279664,NBC-0108-11,1005409234,PM01,2,,ENVIRONMENTAL COVER STRAPS DAMAGED,1/29/19,,3/13/19,14818579,236.00
FY19,19,WH8DAA,71-112,1011279704,NBC-0110-11,1005398538,PM01,2,,ENVIROMENTAL COVER STRAPS DAMAGED,1/29/19,,3/13/19,14818579,472.00
FY19,19,WH8DAA,71-111,1011279664,NBC-0108-11,1005409231,PM01,1,,KEYBOARD MISSING KEYS,1/29/19,,3/7/19,14818579,708.00
FY19,19,WH8DAA,71-112,1011279704,NBC-0110-11,1005421510,PM01,1,,Chem probe inop,1/31/19,,3/7/19,14818579,14478.00
FY19,19,WH8DAA,71-112,1011279704,NBC-0110-11,1005487164,PM01,2,,HMS SEALS AND O-RINGS WORN,2/9/19,,3/7/19,14818579,3.28
FY19,19,WH8DAA,71-122,1011279723,NBC-0111-11,1005487163,PM01,1,,LOW NITROGEN,2/9/19,,3/7/19,14818579,3.28
FY19,19,WH8DAA,71-121,1011279686,NBC-0109-11,1005487162,PM01,1,,SLOW NITROGEN LEAK,2/9/19,,3/12/19,14818579,3.28
FY19,19,WH8DAA,71-111,1011279664,NBC-0108-11,1005487165,PM01,2,,HMS SEALS AND O-RINGS WORN,2/9/19,,3/13/19,14818579,3.28
FY19,19,WH8DAA,71-112,1011279704,NBC-0110-11,1005502340,PM01,2,,HMS MANIFOLD,2/12/19,,3/13/19,14818579,0.36
FY19,19,WH8DAA,71-111,1011279664,NBC-0108-11,1005502622,PM01,2,,HMS MANIFOLD,2/12/19,,6/21/19,14818579,0.36
FY19,19,WH8DAA,71-112,1011279704,NBC-0110-11,1005501847,PM01,1,,CLASS II COOLANT LEAK,2/12/19,,3/5/19,14818579,382.00
FY19,19,WH8DAA,71-121,1011279686,NBC-0109-11,1005521768,PM01,2,,RWS SOFT MOUNT NUT AND BOLT MISSING,2/13/19,,3/13/19,14818579,74.45
FY19,19,WH8DAA,71-122,1011279723,NBC-0111-11,1005525249,PM01,2,,VC HATCH WONT SEAL,2/14/19,,3/7/19,14818579,3.28
FY20,20,WH8DAA,71-112,1011279704,NBC-0110-11,1005525252,PM01,2,,DVR BIGHTNESS KNOB MISSING,2/14/19,,10/23/19,14818579,7.37
FY19,19,WH8DAA,71-112,1011279704,NBC-0110-11,1005525251,PM01,2,,BRACET MOUNTING MISSING,2/14/19,,3/13/19,14818579,1474.00
FY20,20,WH8DAA,71-111,1011279664,NBC-0108-11,1005525582,PM01,2,,CVS VACUUM PUMP,2/14/19,,10/24/19,14818579,2636.01
FY19,19,WH8DAA,71-111,1011279664,NBC-0108-11,1005525253,PM01,2,,PRINTER,2/14/19,,5/3/19,14818579,5275.00
FY19,19,WH8DAA,71-111,1011279664,NBC-0108-11,1005580206,PM01,2,,SERVAYER SPC CDROM INOP,2/23/19,,3/13/19,14818579,0.00
FY19,19,WH8DAA,71-111,1011279664,NBC-0108-11,1005580208,PM01,2,,FTS DEGRADED,2/23/19,,3/13/19,14818579,0.00
FY19,19,WH8DAA,71-121,1011279686,NBC-0109-11,1005580210,PM01,2,,COLLECTOR DEGRADED,2/23/19,,3/13/19,14818579,0.00
FY20,20,WH8DAA,71-111,1011279664,NBC-0108-11,1005580207,PM01,2,,SERVAYER HATCH SEAL DAMAGED,2/23/19,2/23/19,,14818579,28.11
FY19,19,WH8DAA,71-112,1011279704,NBC-0110-11,1005580209,PM01,2,,FTS INOP,2/23/19,,6/21/19,14818579,4089.00
FY19,19,WH8DAA,71-121,1011279686,NBC-0109-11,1005669667,PM01,1,,M88 ACADA INOP,3/7/19,,3/12/19,14818579,0.00
FY19,19,WH8DAA,71-111,1011279664,NBC-0108-11,1005680444,PM01,1,,AIR DRIER DAMAGED,3/8/19,,4/24/19,14818579,591.40
FY19,19,WH8DAA,71-112,1011279704,NBC-0110-11,1005711626,PM01,2,,HYDRAULIC JACK BROKEN,3/13/19,,3/13/19,14818579,0.00
FY20,20,WH8DAA,71-122,1011279723,NBC-0111-11,1005711625,PM01,2,,REAR WINDOW HANDLE BOLT BROKEN,3/13/19,,11/21/19,14818579,7.12
FY19,19,WH8DAA,71-111,1011279664,NBC-0108-11,1005711627,PM01,1,,FCU HOUSING ELECTRONIC COMP,3/13/19,,4/19/19,14818579,3597.00
FY20,20,WH8DAA,71-121,1011279686,NBC-0109-11,1005722349,PM01,2,,REAR WINDOW HANDLE LOOSE,3/14/19,,10/3/19,14818579,7.12
FY20,20,WH8DAA,71-121,1011279686,NBC-0109-11,1005722350,PM01,2,,HMS BLOWOFF VALVE WORN,3/14/19,,10/3/19,14818579,1111.00
FY19,19,WH8DAA,71-111,1011279664,NBC-0108-11,1005835751,PM01,2,,STEERING DAMPER REPLACEMENT,3/30/19,,5/8/19,14818579,0.00
FY19,19,WH8DAA,71-112,1011279704,NBC-0110-11,1005835752,PM01,2,,STEERING DAMPER REPLACEMENT,3/30/19,,5/8/19,14818579,0.00
FY19,19,WH8DAA,71-122,1011279723,NBC-0111-11,1005835754,PM01,2,,STEERING DAMPER REPLACEMENT,3/30/19,,5/9/19,14818579,0.00
FY19,19,WH8DAA,71-121,1011279686,NBC-0109-11,1005835753,PM01,2,,STEERING DAMPER REPLACEMENT,3/30/19,,6/7/19,14818579,0.00
FY19,19,WH8DAA,71-111,1011279664,NBC-0108-11,1005909756,PM01,1,,E-Brake liner valve damaged,4/9/19,,4/24/19,14818579,0.00
FY20,20,WH8DAA,71-121,1011279686,NBC-0109-11,1005983370,PM01,1,,power pack inop,4/18/19,,10/3/19,14818579,74786.76
FY20,20,WH8DAA,71-121,1011279686,NBC-0109-11,1005985055,PM01,1,,AFES Discharged.,4/19/19,,10/24/19,14818579,1814.00
FY20,20,WH8DAA,71-121,1011279686,NBC-0109-11,1005985057,PM01,1,,HMS Manifold INOP,4/19/19,,10/3/19,14818579,7029.28
FY19,19,WH8DAA,71-121,1011279686,NBC-0109-11,1006014813,PM01,1,,SIVE PACK,4/25/19,,6/4/19,14818579,0.00
FY19,19,WH8DAA,71-121,1011279686,NBC-0109-11,1006122325,PM01,1,,jsLscad sem inop,5/9/19,,5/14/19,14818579,0.00
FY19,19,WH8DAA,71-121,1011279686,NBC-0109-11,1006131332,PM01,1,,JSLSCAD SCANNER INOP,5/9/19,,5/14/19,14818579,0.00
FY19,19,WH8DAA,71-121,1011279686,NBC-0109-11,1006122322,PM01,1,,dwss box inop,5/9/19,,5/22/19,14818579,0.00
FY19,19,WH8DAA,71-121,1011279686,NBC-0109-11,1006122326,PM01,2,,DVE Display inop,5/9/19,,7/17/19,14818579,0.00
FY19,19,WH8DAA,71-122,1011279723,NBC-0111-11,1006122060,PM01,1,,SEIZED 2 CENTER DRAIN PLUGS,5/9/19,,5/30/19,14818579,444.48
FY20,20,WH8DAA,71-121,1011279686,NBC-0109-11,1006122324,PM01,2,,rear hatch shocks worn,5/9/19,,10/3/19,14818579,760.00
FY20,20,WH8DAA,71-122,1011279723,NBC-0111-11,1006122059,PM01,2,,rear hatch shocks worn,5/9/19,,11/21/19,14818579,760.00
FY19,19,WH8DAA,71-122,1011279723,NBC-0111-11,1006122321,PM01,2,,rear deck hatch handles damaged,5/9/19,,7/17/19,14818579,854.57
FY19,19,WH8DAA,71-121,1011279686,NBC-0109-11,1006122323,PM01,2,,rear deck hatch handles damaged,5/9/19,,7/17/19,14818579,1249.57
FY19,19,B25A0BMN,71-121,1011279686,NBC-0109-11,1006138900,PM01,2,,remove drain pluggs,5/10/19,,5/20/19,14818579,0.00
FY19,19,B25A0BMN,71-122,1011279723,NBC-0111-11,1006139741,PM01,2,,remove drain pluggs,5/10/19,,5/20/19,14818579,0.00
FY19,19,B25A0BMN,71-121,1011279686,NBC-0109-11,1006139742,PM01,2,,repair broken tong box tab,5/10/19,,6/25/19,14818579,0.00
FY19,19,WH8DAA,71-121,1011279686,NBC-0109-11,1006160463,PM01,1,,jsLscad sem inop,5/14/19,,5/29/19,14818579,0.00
FY19,19,B25A0BMN,71-111,1011279664,NBC-0108-11,1006188609,PM01,2,,drain plug seized,5/17/19,,5/20/19,14818579,0.00
FY19,19,WH8DAA,71-121,1011279686,NBC-0109-11,1006201370,PM01,1,,DWSS BOX INOP,5/21/19,,8/13/19,14818579,17137.00
FY20,20,WH8DAA,71-122,1011279723,NBC-0111-11,1006253402,PM01,2,,GROUND STRAP FRAYED ON METSMAN,5/30/19,,11/21/19,14818579,8.95
FY20,20,WH8DAA,71-122,1011279723,NBC-0111-11,1006253401,PM01,2,,AMMO BOX MOUNTING SCREWS MISSING,5/30/19,,11/21/19,14818579,613.84
FY19,19,WH8DAA,71-111,1011279664,NBC-0108-11,2003254134,PM02,A,,AFQ-Annual,6/4/19,,6/4/19,14818579,0.00
FY19,19,WH8DAA,71-122,1011279723,NBC-0111-11,1006311193,PM01,2,,FFCS DEGRADED,6/6/19,,7/10/19,14818579,-1426.00
FY19,19,WH8DAA,71-111,1011279664,NBC-0108-11,1006310951,PM01,1,,TESTING ITEMS FOR M88,6/6/19,,7/17/19,14818579,202.00
FY19,19,WH8DAA,71-121,1011279686,NBC-0109-11,1006310948,PM01,1,,TESTING ITEMS FOR M88,6/6/19,,7/17/19,14818579,202.00
FY19,19,WH8DAA,71-122,1011279723,NBC-0111-11,1006310956,PM01,1,,TESTING ITEMS FOR M88,6/6/19,,7/17/19,14818579,202.00
FY20,20,WH8DAA,71-112,1011279704,NBC-0110-11,1006310954,PM01,1,,TESTING ITEMS FOR M88,6/6/19,,10/23/19,14818579,202.00
FY19,19,WH8DAA,71-111,1011279664,NBC-0108-11,1006405959,PM01,2,,TRANSFER CASE WONT GO INTO GEAR,6/20/19,,7/10/19,14818579,0.00
FY20,20,WH8DAA,71-111,1011279664,NBC-0108-11,1006555075,PM01,2,,HMS SENSOR ASSEMBLY RIGHT,7/17/19,,11/19/19,14818579,-2644.00
FY19,19,WH8DAA,71-122,1011279723,NBC-0111-11,1006555072,PM01,3,,ROLL PIN MISSING ON CAMO SCREEN RACK,7/17/19,,7/17/19,14818579,0.00
FY19,19,WH8DAA,71-111,1011279664,NBC-0108-11,1006555073,PM01,1,,RIGHT REAR BLACK OUT LIGHTS INOP,7/17/19,,7/18/19,14818579,0.00
FY19,19,6XPA0BZ1,71-121,1011279686,NBC-0109-11,7000379235,PM07,1,0D0,ASSMNT FOR CORROSION REPAIR AND PAINT,7/17/19,,7/29/19,14818579,0.00
FY20,20,WH8DAA,71-121,1011279686,NBC-0109-11,1006555785,PM01,1,0D0,CORROSION REPAIR AND PAINT,7/17/19,,10/1/19,14818579,0.00
FY20,20,WH8DAA,71-121,1011279686,NBC-0109-11,1006555070,PM01,1,,ENGINE HOSE NONMETALLIC,7/17/19,,10/3/19,14818579,23.55
FY20,20,WH8DAA,71-111,1011279664,NBC-0108-11,1006555077,PM01,2,,COALESCING FILTER,7/17/19,,10/24/19,14818579,331.76
FY20,20,WH8DAA,71-111,1011279664,NBC-0108-11,1006555074,PM01,2,,ETHERNET PATCH CABLE NEEDS REPLACEMENT,7/17/19,,10/24/19,14818579,749.44
FY20,20,WH8DAA,71-111,1011279664,NBC-0108-11,1006555076,PM01,2,,HMS SENSOR ASSEMBLY LEFT,7/17/19,,10/24/19,14818579,2505.00
FY19,19,WH8DAA,71-121,1011279686,NBC-0109-11,1006575056,PM01,1,,DVE CAMERA INOP,7/18/19,,8/9/19,14818579,10482.00
FY20,20,WH8DAA,71-121,1011279686,NBC-0109-11,1006601017,PM01,1,,SERVICES POL TES-295,7/23/19,,10/3/19,14818579,0.00
FY20,20,WH8DAA,71-121,1011279686,NBC-0109-11,1006601015,PM01,1,,SERVICES POL 75W90,7/23/19,,10/3/19,14818579,0.00
FY20,20,WH8DAA,71-121,1011279686,NBC-0109-11,1006601542,PM01,1,,SERVICES POL 15W40,7/23/19,,10/3/19,14818579,0.00
FY20,20,WH8DAA,71-121,1011279686,NBC-0109-11,1006659988,PM01,1,,CHEM GROUND PROBE INOP,7/31/19,,10/3/19,14818579,-18111.00
FY20,20,WH8DAA,71-111,1011279664,NBC-0108-11,1006659668,PM01,2,,KEYBOARD DATA ENTRY DAMAGED,7/31/19,7/31/19,,14818579,0.00
FY20,20,WH8DAA,71-121,1011279686,NBC-0109-11,1006659772,PM01,1,,SUSPENSION AND DIFFERENTIAL INOP,7/31/19,,10/3/19,14818579,1.23
FY20,20,WH8DAA,71-121,1011279686,NBC-0109-11,1006659773,PM01,1,,AIR VALVE INOP,7/31/19,,10/3/19,14818579,154.02
FY20,20,WH8DAA,71-112,1011279704,NBC-0110-11,1006839189,PM01,2,,VET TOUCHSCREEN INOP,8/23/19,,10/24/19,14818579,11552.00
FY20,20,6XPA0BZ1,71-121,1011279686,NBC-0109-11,7000403025,PM07,2,0D0,CORROSION & PAINT,9/6/19,,10/1/19,14818579,0.00
FY19,19,WH8DAA,71-112,1011279704,NBC-0110-11,2003650960,PM02,A,,AFQ-Annual,9/24/19,,9/24/19,14818579,0.00
FY19,19,WH8DAA,71-112,1011279704,NBC-0110-11,1007062398,PM01,2,,TRANSMISSION OIL SAMPLE,9/25/19,,9/25/19,14818579,0.00
FY20,20,WH8DAA,71-121,1011279686,NBC-0109-11,1007115001,PM01,3,,9-2355-326-50-1,10/4/19,,10/4/19,14818579,0.00
FY20,20,WH8DAA,71-121,1011279686,NBC-0109-11,1007115011,PM01,2,,HMS Air transport box,10/4/19,,1/23/20,14818579,502.00
FY20,20,WH8DAA,71-122,1011279723,NBC-0111-11,1007115005,PM01,2,,HMS Rear Sensor (Left) Inop,10/4/19,,11/21/19,14818579,3517.00
FY20,20,WH8DAA,71-122,1011279723,NBC-0111-11,1007115003,PM01,2,,HMS Rear Sensor (Right) Inop,10/4/19,,11/6/19,14818579,3586.00
FY20,20,WH8DAA,71-121,1011279686,NBC-0109-11,2003703992,PM02,A,,AFQ-Annual,10/8/19,,10/8/19,14818579,0.00
FY20,20,WH8DAA,71-121,1011279686,NBC-0109-11,1007154767,PM01,2,,Hydraulic hose inop,10/10/19,,10/16/19,14818579,0.00
FY20,20,WH8DAA,71-121,1011279686,NBC-0109-11,1007154770,PM01,2,,Engine mounting bolts,10/10/19,,1/23/20,14818579,0.00
FY20,20,WH8DAA,71-121,1011279686,NBC-0109-11,1007154771,PM01,2,,Jack Shaft bolts,10/10/19,,10/23/19,14818579,3.51
FY20,20,WH8DAA,71-121,1011279686,NBC-0109-11,1007154769,PM01,2,,W72 Cable inop,10/10/19,,11/6/19,14818579,224.00
FY20,20,WH8DAA,71-121,1011279686,NBC-0109-11,1007154768,PM01,2,,W74 Cable inop,10/10/19,,10/23/19,14818579,493.00
FY20,20,WH8DAA,71-121,1011279686,NBC-0109-11,1007154765,PM01,2,,Power assist,10/10/19,,10/23/19,14818579,580.00
FY20,20,WH8DAA,71-121,1011279686,NBC-0109-11,1007154766,PM01,2,,Engine access panel,10/10/19,,10/24/19,14818579,5102.74
FY20,20,WH8DAA,71-121,1011279686,NBC-0109-11,1007225502,PM01,1,,CHEM PROP INOP,10/22/19,,1/14/20,14818579,13435.00
FY20,20,WH8DAA,71-111,1011279664,NBC-0108-11,1007225953,PM01,1,,Vet Touchscreen inop,10/23/19,,10/23/19,14818579,0.00
FY20,20,WH8DAA,71-121,1011279686,NBC-0109-11,1007225746,PM01,1,,Rotary assist washer leaking,10/23/19,,11/6/19,14818579,0.59
FY20,20,WH8DAA,71-121,1011279686,NBC-0109-11,1007236210,PM01,1,,Vet Touchscreen inop,10/23/19,,11/21/19,14818579,43139.00
FY20,20,WH8DAA,71-121,1011279686,NBC-0109-11,1007272075,PM01,1,,TIRES DAMAGED,10/29/19,,11/5/19,14818579,11880.00
FY20,20,WH8DAA,71-111,1011279664,NBC-0108-11,1007320905,PM01,1,,BLOWN OUT TIRE,11/5/19,,11/19/19,14818579,2970.00
FY20,20,WH8DAA,71-121,1011279686,NBC-0109-11,1007363116,PM01,1,,PULLY TENSIONER INOP,11/13/19,,12/10/19,14818579,204.79
FY20,20,WH8DAA,71-121,1011279686,NBC-0109-11,1007374962,PM01,1,,"GENERATOR, ALTERNATOR INOP",11/14/19,,12/10/19,14818579,-445.00
FY20,20,WH8DAA,71-121,1011279686,NBC-0109-11,1007374766,PM01,1,,DIFFERENTIAL WASHER INOP,11/14/19,,11/19/19,14818579,0.00
FY20,20,WH8DAA,71-121,1011279686,NBC-0109-11,1007374767,PM01,1,,DIFFERENTIAL DRAIN WASHER INOP,11/14/19,,11/19/19,14818579,0.00
FY20,20,WH8DAA,71-121,1011279686,NBC-0109-11,1007374500,PM01,1,,PULLEY WASHER INOP,11/14/19,,12/12/19,14818579,2.28
FY20,20,WH8DAA,71-121,1011279686,NBC-0109-11,1007374963,PM01,1,,PULLY DAMAGED,11/14/19,,12/10/19,14818579,120.00
FY20,20,WH8DAA,71-121,1011279686,NBC-0109-11,1007374966,PM01,1,,TIRE DAMAGED,11/14/19,,11/21/19,14818579,2970.00
FY20,20,WH8DAA,71-121,1011279686,NBC-0109-11,1007374764,PM01,1,,#4 CLASSII DIFFERENTIAL LEAK,11/14/19,,12/12/19,14818579,14309.43
FY20,20,WH8DAA,71-121,1011279686,NBC-0109-11,1007376415,PM01,2,,"SEALING, COMPOUND LOCK TITE INOP",11/15/19,,1/23/20,14818579,0.00
FY20,20,WH8DAA,71-122,1011279723,NBC-0111-11,1007433010,PM01,2,,FCU DOES NOT DISPLAY FIRING INHIBIT ZONE,11/21/19,,11/21/19,14818579,0.00
FY20,20,WH8DAA,71-122,1011279723,NBC-0111-11,1007433126,PM01,2,,FIRE EXTINGUISHER MISSING SAFETY PIN,11/21/19,,11/21/19,14818579,0.00
FY20,20,WH8DAA,71-122,1011279723,NBC-0111-11,1007433130,PM01,2,,FRONT LEFT HMS SENSOR INOP,11/21/19,,11/21/19,14818579,0.00
FY20,20,WH8DAA,71-122,1011279723,NBC-0111-11,1007433122,PM01,3,,STRAINING SCREW MISSING,11/21/19,,11/21/19,14818579,0.00
FY20,20,WH8DAA,71-122,1011279723,NBC-0111-11,2003879146,PM02,A,,AFQ-Annual,11/27/19,,12/3/19,14818579,0.00
FY20,20,WH8DAA,71-121,1011279686,NBC-0109-11,1007694151,PM01,1,,Collector assembly,1/13/20,,1/13/20,14818579,0.00
FY20,20,WH8DAA,71-122,1011279723,NBC-0111-11,1007694142,PM01,1,,Collector assembly,1/13/20,,1/13/20,14818579,0.00
FY20,20,WH8DAA,71-122,1011279723,NBC-0111-11,1007693996,PM01,1,,Fluid transfer system,1/13/20,,1/13/20,14818579,0.00
FY20,20,WH8DAA,71-112,1011279704,NBC-0110-11,1007694147,PM01,1,,Fluid transfer system,1/13/20,,1/14/20,14818579,0.00
FY20,20,WH8DAA,71-122,1011279723,NBC-0111-11,1007694364,PM01,1,,Fluid transfer system,1/13/20,,1/14/20,14818579,0.00
FY20,20,WH8DAA,71-112,1011279704,NBC-0110-11,1007694149,PM01,1,,Collector assembly,1/13/20,,1/23/20,14818579,0.00
FY20,20,WH8DAA,71-122,1011279723,NBC-0111-11,1007694362,PM01,1,,Collector assembly,1/13/20,,1/22/20,14818579,22524.00
FY20,20,WH8DAA,71-122,1011279723,NBC-0111-11,1007705587,PM01,1,,Thermal imaging moduel inop,1/14/20,,1/14/20,14818579,0.00
FY20,20,WH8DAA,71-122,1011279723,NBC-0111-11,1007706550,PM01,1,, Fluid transfer system,1/14/20,,1/22/20,14818579,0.00
FY20,20,WH8DAA,71-112,1011279704,NBC-0110-11,1007706541,PM01,2,,CBMS CI and CAL Vials inop,1/14/20,,2/19/20,14818579,443.00
FY20,20,WH8DAA,71-122,1011279723,NBC-0111-11,1007705583,PM01,1,,Chem prob inop,1/14/20,,2/20/20,14818579,13179.00
FY20,20,WH8DAA,71-112,1011279704,NBC-0110-11,1007706388,PM01,1,, Fluid transfer system,1/14/20,,1/23/20,14818579,28872.00
FY20,20,WH8DAA,71-122,1011279723,NBC-0111-11,1007706869,PM01,1,,Thermal imaging system inop,1/14/20,,1/22/20,14818579,49338.00
FY20,20,WH8DAA,71-111,1011279664,NBC-0108-11,1007757633,PM01,2,,Vial Calibration inop,1/23/20,,1/28/20,14818579,-366.00
FY20,20,WH8DAA,71-122,1011279723,NBC-0111-11,1007757638,PM01,2,,Vial Calibration inop,1/23/20,,1/28/20,14818579,0.00
FY20,20,WH8DAA,71-112,1011279704,NBC-0110-11,1007757901,PM01,1,,Collector assembly inop,1/23/20,,2/19/20,14818579,0.00
FY20,20,WH8DAA,71-112,1011279704,NBC-0110-11,1007757902,PM01,1,,Fluid transfer system inop,1/23/20,,2/19/20,14818579,0.00
FY20,20,WH8DAA,71-122,1011279723,NBC-0111-11,1007757639,PM01,1,,Collector assembly inop,1/23/20,,2/19/20,14818579,0.00
FY20,20,WH8DAA,71-122,1011279723,NBC-0111-11,1007757637,PM01,2,,Vial assembly inop,1/23/20,1/23/20,,14818579,0.00
FY20,20,WH8DAA,71-111,1011279664,NBC-0108-11,1007757635,PM01,2,,Vial assembly inop,1/23/20,1/23/20,,14818579,443.00
FY20,20,WH8DAA,71-121,1011279686,NBC-0109-11,1007757628,PM01,2,,Vial assembly inop,1/23/20,1/23/20,,14818579,443.00
FY20,20,WH8DAA,71-121,1011279686,NBC-0109-11,1007757631,PM01,2,,Vial Calibration inop,1/23/20,1/23/20,,14818579,459.00
FY20,20,WH8DAA,71-111,1011279664,NBC-0108-11,1007798548,PM01,2,,Vial Calibration inop,1/28/20,1/28/20,,14818579,-366.00
FY20,20,WH8DAA,71-112,1011279704,NBC-0110-11,1007798543,PM01,2,,Vial Calibration inop,1/28/20,1/28/20,,14818579,0.00
FY20,20,WH8DAA,71-122,1011279723,NBC-0111-11,1007798275,PM01,2,,Vial Calibration inop,1/28/20,,2/19/20,14818579,459.00
FY20,20,WH8DAA,71-121,1011279686,NBC-0109-11,1007810197,PM01,1,,Missing Mounting bolt,1/29/20,,2/19/20,14818579,15.00
FY20,20,WH8DAA,71-121,1011279686,NBC-0109-11,1007810195,PM01,2,,Correct hydraulic hose needed,1/29/20,,2/20/20,14818579,70.48
FY20,20,WH8DAA,71-121,1011279686,NBC-0109-11,1007843151,PM01,1,,Rear service brake air leak,2/4/20,2/4/20,,14818579,0.00
FY20,20,WH8DAA,71-121,1011279686,NBC-0109-11,1007843152,PM01,1,,Hydranlic leak from rotary assist,2/4/20,2/4/20,,14818579,0.59
FY20,20,WH8DAA,71-111,1011279664,NBC-0108-11,1007908959,PM01,2,,Vial Calibration inop,2/11/20,,2/19/20,14818579,0.00
FY20,20,WH8DAA,71-111,1011279664,NBC-0108-11,1007909102,PM01,2,,Vial Assembly inop,2/11/20,,2/19/20,14818579,0.00
FY20,20,WH8DAA,71-122,1011279723,NBC-0111-11,1007908949,PM01,1,,Fluid Transfer System,2/11/20,,2/19/20,14818579,0.00